hour,day,hour_of_day,baseline_load,plotted_target_load,mappo_standard,grouped_mappo,grouped_comm_v2
0,1,0,89.44082641601562,56.264562810600005,125.81180000305176,118.04727125167848,148.61990666389465
1,1,1,83.0643081665039,56.264562810600005,67.66537618637085,103.3316468000412,128.73301815986633
2,1,2,78.60828399658203,56.264562810600005,114.39439868927002,107.59060728549956,149.91564440727234
3,1,3,83.07950592041016,56.264562810600005,91.71913695335388,111.4018008708954,108.34846365451811
4,1,4,82.75499725341797,56.264562810600005,120.3695604801178,115.15927529335022,132.6923632621765
5,1,5,94.54297637939452,56.264562810600005,173.02863359451294,143.71317422389984,111.60353660583496
6,1,6,112.32801055908205,56.264562810600005,166.78453946113586,116.57564628124236,135.76370906829834
7,1,7,113.23037719726562,56.264562810600005,124.42212611436844,115.43495655059814,97.77180299162865
8,1,8,113.15670013427734,56.264562810600005,40.5388046503067,73.22625279426575,56.68162351846695
9,1,9,95.74092864990234,56.264562810600005,65.90339231491089,35.72374999523163,51.59304177761078
10,1,10,95.99382019042967,56.264562810600005,-1.4680873155593872,-33.76877808570862,-14.194324731826782
11,1,11,86.68492126464844,56.264562810600005,20.366379499435425,-12.324953079223633,-31.857471466064453
12,1,12,87.78263854980469,56.264562810600005,-14.071122169494627,-43.69653856754303,-22.54210901260376
13,1,13,76.26077270507812,56.264562810600005,-31.941623270511627,-46.02437102794647,-50.045414686203
14,1,14,70.68318939208984,56.264562810600005,-5.519207954406738,27.357803225517277,37.99036920070648
15,1,15,73.29805755615234,56.264562810600005,42.515991538763046,78.75181341171265,80.57697683572769
16,1,16,85.19406127929688,56.264562810600005,99.96473610401154,129.0804557800293,115.00102627277374
17,1,17,88.46739196777344,56.264562810600005,146.65483331680298,97.82169556617735,109.18364369869232
18,1,18,89.54195404052734,56.264562810600005,159.9849853515625,111.26845860481262,129.58472740650177
19,1,19,93.20938873291016,56.264562810600005,163.4680380821228,90.9912005662918,130.86570918560028
20,1,20,93.98125457763672,56.264562810600005,140.55503869056702,121.27402460575104,103.6865702867508
21,1,21,89.02389526367188,56.264562810600005,138.65310645103455,111.43015205860138,134.6774218082428
22,1,22,77.41748046875,56.264562810600005,145.21056067943573,118.97637057304382,152.92117059230804
23,1,23,90.09457397460938,56.264562810600005,146.91824650764465,104.92465329170228,164.63591122627258
24,2,0,93.25482177734376,103.26987717391668,162.17291140556335,151.3319262266159,165.77472722530365
25,2,1,111.00608825683594,103.26987717391668,163.9702603816986,139.48159909248352,156.09208977222443
26,2,2,107.96758270263672,103.26987717391668,163.56281566619873,172.81249117851257,144.94231915473938
27,2,3,122.88765716552734,103.26987717391668,173.30985832214355,202.58630657196045,149.7595705986023
28,2,4,134.41224670410156,103.26987717391668,195.72168135643005,200.5778701305389,156.67264997959137
29,2,5,160.33810424804688,103.26987717391668,234.32498502731323,227.73584294319156,186.6182632446289
30,2,6,196.8340759277344,103.26987717391668,225.16704535484317,238.92516899108887,178.97023248672485
31,2,7,199.1270446777344,103.26987717391668,180.2318767607212,190.0242056846619,196.90060818195343
32,2,8,193.43800354003903,103.26987717391668,140.60366368293762,164.93485569953918,146.3406958580017
33,2,9,201.61245727539065,103.26987717391668,72.25317430496216,130.54099082946777,80.53914487361908
34,2,10,197.0077972412109,103.26987717391668,46.92001867294312,95.63496851921082,50.826005697250366
35,2,11,196.6265563964844,103.26987717391668,5.681893825531006,56.724605560302734,14.88146185874939
36,2,12,173.9818878173828,103.26987717391668,67.29721474647522,22.15881586074829,20.72443652153015
37,2,13,184.43746948242188,103.26987717391668,32.862192153930664,53.20025324821472,11.245070099830627
38,2,14,170.04078674316406,103.26987717391668,160.39393091201782,89.31172943115234,72.37137079238892
39,2,15,170.65335083007812,103.26987717391668,203.29863542318344,181.37797796726227,178.88276028633118
40,2,16,209.06497192382807,103.26987717391668,231.28632974624637,192.79962837696075,200.65077364444733
41,2,17,206.89862060546875,103.26987717391668,223.3897488117218,184.7422466278076,236.5262644290924
42,2,18,204.05137634277344,103.26987717391668,235.66550588607788,204.3958569765091,224.2015008926392
43,2,19,215.13986206054688,103.26987717391668,255.19356036186215,221.81488347053528,266.34138917922974
44,2,20,243.81236267089844,103.26987717391668,238.8969295024872,202.9350215792656,249.36355447769165
45,2,21,206.53887939453125,103.26987717391668,262.23989748954773,209.70676803588867,267.29035782814026
46,2,22,209.2215118408203,103.26987717391668,247.4611313343048,222.87033128738403,232.38842630386355
47,2,23,188.7257232666016,103.26987717391668,248.525465965271,218.40201330184937,237.8005394935608
48,3,0,191.22564697265625,121.463727324625,252.47092509269717,232.75278425216675,234.0617537498474
49,3,1,195.45355224609372,121.463727324625,256.4352686405182,250.21598172187805,238.9692759513855
50,3,2,204.0867919921875,121.463727324625,230.6240622997284,235.5149130821228,238.42214107513428
51,3,3,209.34249877929688,121.463727324625,234.65305709838867,243.332866191864,241.44824361801147
52,3,4,215.1459808349609,121.463727324625,252.472104549408,247.330094575882,242.84578895568848
53,3,5,223.8262634277344,121.463727324625,231.715265750885,257.0246276855469,248.3585476875305
54,3,6,234.08485412597656,121.463727324625,299.36887311935425,249.05758237838745,236.26083993911743
55,3,7,246.6231689453125,121.463727324625,257.6974510550499,256.6344094276428,270.26667881011963
56,3,8,260.7745056152344,121.463727324625,274.137586593628,219.44113194942477,252.79871320724487
57,3,9,273.909423828125,121.463727324625,137.0090936422348,125.11403155326845,172.0726101398468
58,3,10,216.5391082763672,121.463727324625,72.95414233207703,96.73806357383728,85.38947892189026
59,3,11,182.6581115722656,121.463727324625,22.970361948013306,41.046950340271,39.04010045528412
60,3,12,177.53268432617188,121.463727324625,65.67740428447723,40.65945184230805,26.451445817947388
61,3,13,160.86862182617188,121.463727324625,75.50397336483002,53.43769419193268,46.28034424781799
62,3,14,148.90077209472656,121.463727324625,84.31784039735794,79.06603860855103,58.264180123806
63,3,15,141.17320251464844,121.463727324625,143.63479509949684,126.4315345287323,143.91601765155792
64,3,16,141.76026916503906,121.463727324625,163.0965075492859,150.25914919376373,165.58799386024475
65,3,17,153.20361328125,121.463727324625,135.4664707183838,153.38518637418747,167.4444472193718
66,3,18,143.68258666992188,121.463727324625,149.46982526779175,151.61074042320251,165.25124096870422
67,3,19,148.45603942871094,121.463727324625,180.35941982269287,139.63196766376495,141.858540058136
68,3,20,144.57801818847656,121.463727324625,210.92385172843933,142.5528280735016,146.28422617912292
69,3,21,137.53929138183594,121.463727324625,216.9261989593506,127.5165948867798,163.62622165679932
70,3,22,130.81863403320312,121.463727324625,184.84524166584012,140.8404789865017,157.93626379966736
71,3,23,115.61043548583984,121.463727324625,167.48396944999695,150.34164416790009,139.0771853029728
72,4,0,116.82825469970705,72.06773195127501,173.4442973136902,144.998251080513,160.52851223945618
73,4,1,113.3900146484375,72.06773195127501,145.20959782600403,144.65699636936188,135.64161479473114
74,4,2,114.46961212158205,72.06773195127501,160.70595383644104,136.2439822256565,139.36938881874084
75,4,3,107.20506286621094,72.06773195127501,154.20466876029968,124.04524970054626,132.54154813289642
76,4,4,109.9416732788086,72.06773195127501,127.73574137687685,131.0278022289276,119.5498012304306
77,4,5,115.47738647460938,72.06773195127501,139.44993042945862,124.07950472831726,117.3555793762207
78,4,6,109.19097137451172,72.06773195127501,141.15123343467712,135.9577190876007,110.217529296875
79,4,7,127.80165100097656,72.06773195127501,125.26549124717712,121.2752242088318,118.42108857631683
80,4,8,136.94439697265625,72.06773195127501,118.1590273976326,93.43928492069244,109.07699996232986
81,4,9,134.0803985595703,72.06773195127501,135.47069483995438,136.1139938235283,111.17799603939056
82,4,10,136.2447052001953,72.06773195127501,113.53213280439375,84.89045453071594,77.97011542320251
83,4,11,122.875732421875,72.06773195127501,66.82683646678925,42.97854769229889,29.19106721878052
84,4,12,114.93447875976562,72.06773195127501,63.73993945121765,50.58625340461731,34.89745473861694
85,4,13,118.00961303710938,72.06773195127501,83.22624278068542,64.31718158721924,43.64208912849426
86,4,14,103.20059204101562,72.06773195127501,91.71834430098534,100.6360676586628,91.5284811258316
87,4,15,103.0419692993164,72.06773195127501,101.69311419129372,99.8878093957901,106.62274730205536
88,4,16,103.3965835571289,72.06773195127501,146.05071306228638,134.61141872406006,131.16341543197632
89,4,17,116.79560089111328,72.06773195127501,139.41546714305878,128.7983559370041,130.38010993599892
90,4,18,117.41654205322266,72.06773195127501,124.25948870182036,98.07040452957152,114.3347828388214
91,4,19,104.2573699951172,72.06773195127501,141.91795420646667,109.61443382501602,115.50815904140472
92,4,20,110.89469909667967,72.06773195127501,159.0389313697815,116.57520604133606,135.4493578672409
93,4,21,114.78717041015624,72.06773195127501,152.9238350391388,124.57204675674438,123.355574965477
94,4,22,101.89323425292967,72.06773195127501,125.89694213867188,90.49974286556244,117.955016374588
95,4,23,81.37090301513672,72.06773195127501,126.32364630699158,105.05972695350648,115.94076788425446
96,5,0,77.70210266113281,71.26784696154166,122.64234638214111,101.43584489822388,122.02195513248444
97,5,1,79.50647735595703,71.26784696154166,120.30188179016112,116.43167674541472,111.14267206192017
98,5,2,79.50233459472656,71.26784696154166,128.82603287696838,124.36950516700745,111.0691145658493
99,5,3,83.20060729980469,71.26784696154166,152.58040499687195,155.79209446907043,146.4219241142273
100,5,4,102.09680938720705,71.26784696154166,134.68312680721283,156.05944919586182,94.28023993968964
101,5,5,93.20184326171876,71.26784696154166,163.40538656711578,165.20109844207764,127.14287507534029
102,5,6,122.62091827392578,71.26784696154166,166.78540182113647,172.75057578086853,110.50089263916016
103,5,7,152.08238220214844,71.26784696154166,134.30205595493317,137.85207387804985,141.23542016744614
104,5,8,156.3189239501953,71.26784696154166,79.05710172653198,114.26565253734589,124.66560792922974
105,5,9,154.7736358642578,71.26784696154166,47.50390827655792,40.214348793029785,60.7731237411499
106,5,10,153.61248779296875,71.26784696154166,-23.871842861175537,17.173133373260498,-22.04595351219177
107,5,11,138.06478881835938,71.26784696154166,-64.56936526298523,-15.411549091339111,-58.811750411987305
108,5,12,123.93492889404295,71.26784696154166,-73.20362114906311,-18.61833906173706,-35.89578878879547
109,5,13,123.77030181884766,71.26784696154166,4.113250494003296,-8.192893028259277,-14.993801832199097
110,5,14,131.37301635742188,71.26784696154166,17.208128213882446,41.09851956367493,31.870795786380768
111,5,15,131.205322265625,71.26784696154166,115.43727988004684,81.51692682504654,83.90756368637085
112,5,16,124.44943237304688,71.26784696154166,151.0244550704956,146.44120109081268,161.1068663597107
113,5,17,145.52923583984375,71.26784696154166,197.03747868537903,151.28507548570633,170.7469835281372
114,5,18,152.8079071044922,71.26784696154166,158.03079175949097,141.74221467971802,174.19988465309143
115,5,19,163.5396728515625,71.26784696154166,202.50637340545651,170.70071083307266,197.6013731956482
116,5,20,172.10682678222656,71.26784696154166,237.48840522766116,183.93399810791016,203.419456243515
117,5,21,180.0043182373047,71.26784696154166,218.338783621788,210.52317881584167,195.9448049068451
118,5,22,180.3888092041016,71.26784696154166,214.29180765151975,163.8692934513092,199.991952419281
119,5,23,156.5390625,71.26784696154166,208.71593403816223,199.04546308517456,179.62468600273132
120,6,0,155.0232391357422,80.61506569283334,174.65468335151672,162.41295266151428,181.0360145568848
121,6,1,137.23939514160156,80.61506569283334,188.5893290042877,162.563551902771,161.15819370746613
122,6,2,139.2635040283203,80.61506569283334,190.8856874704361,175.7029664516449,161.09645128250122
123,6,3,154.13043212890625,80.61506569283334,187.31796598434448,209.6958713531494,155.355903506279
124,6,4,153.8446807861328,80.61506569283334,182.73734259605408,189.214599609375,164.97404885292053
125,6,5,162.51058959960938,80.61506569283334,196.9957537651062,222.94114303588867,158.07094383239746
126,6,6,172.05258178710938,80.61506569283334,197.7817747592926,176.99048221111298,178.17980194091797
127,6,7,180.3114776611328,80.61506569283334,151.51026117801666,170.0725532770157,135.4133756160736
128,6,8,160.65866088867188,80.61506569283334,93.22284972667694,53.70808851718903,88.14104437828064
129,6,9,155.0104217529297,80.61506569283334,74.56808090209961,84.36190831661224,44.24732220172882
130,6,10,138.75721740722656,80.61506569283334,15.433850765228271,-9.76538348197937,5.353830814361572
131,6,11,129.32183837890625,80.61506569283334,-8.335613131523132,20.45492684841156,-3.505489587783813
132,6,12,119.36316680908205,80.61506569283334,25.1526597738266,-4.984482526779175,-23.40779590606689
133,6,13,115.6704330444336,80.61506569283334,-9.789666056632996,57.98912715911865,32.74244403839111
134,6,14,99.00613403320312,80.61506569283334,90.8304545879364,54.04550155997276,34.447858452796936
135,6,15,108.39574432373048,80.61506569283334,79.24290242791176,112.0856237411499,126.38810521364212
136,6,16,125.0204849243164,80.61506569283334,147.2954894900322,126.39967083930968,132.82097426056862
137,6,17,115.57649993896484,80.61506569283334,168.89579343795776,137.7800143957138,150.2257730960846
138,6,18,129.8391876220703,80.61506569283334,125.54813766479492,122.79827618598938,138.0908409357071
139,6,19,121.912109375,80.61506569283334,178.14146447181702,126.30940508842468,161.91608560085297
140,6,20,133.34007263183594,80.61506569283334,183.7184805870056,139.1180579662323,182.38853406906128
141,6,21,137.44273376464844,80.61506569283334,201.1688311100006,166.6243000626564,161.2752098441124
142,6,22,138.3297576904297,80.61506569283334,164.43346333503723,140.67219424247742,182.8242474794388
143,6,23,135.42770385742188,80.61506569283334,196.16613841056824,177.84200143814087,155.98002579808235
144,7,0,135.51791381835938,106.18141793066668,211.2283034324646,155.6389712691307,179.0541125535965
145,7,1,146.17832946777344,106.18141793066668,210.59226322174072,180.32874059677124,162.6297106742859
146,7,2,147.75096130371094,106.18141793066668,210.3856410980225,160.49489563703537,175.46699595451355
147,7,3,156.82752990722656,106.18141793066668,200.30394387245175,177.5547068119049,176.24140053987503
148,7,4,165.09730529785156,106.18141793066668,205.63014125823972,182.59168314933777,178.4283401966095
149,7,5,175.4749755859375,106.18141793066668,204.9436159133911,196.30193758010864,186.1337208747864
150,7,6,193.8729553222656,106.18141793066668,203.94092655181885,192.06727504730225,184.57398623228076
151,7,7,195.5387725830078,106.18141793066668,230.13532996177676,195.73188418149948,176.24753141403198
152,7,8,179.03150939941406,106.18141793066668,181.1272168159485,157.30033391714096,181.9718117713928
153,7,9,179.86778259277344,106.18141793066668,176.52563852071762,173.8909513950348,168.36563920974731
154,7,10,176.02255249023438,106.18141793066668,156.8539538383484,123.21881854534148,143.7328119277954
155,7,11,156.50672912597656,106.18141793066668,139.14065945148468,115.76334398984908,90.3351185321808
156,7,12,155.65335083007812,106.18141793066668,118.59736692905426,120.11257803440094,93.28527116775513
157,7,13,135.73843383789062,106.18141793066668,132.51250380277634,121.35737890005112,91.2805106639862
158,7,14,133.1337127685547,106.18141793066668,130.81134366989136,172.09739309549332,118.6646053791046
159,7,15,136.43479919433594,106.18141793066668,139.8077780008316,157.7913622185588,142.06643496453762
160,7,16,137.46914672851562,106.18141793066668,150.2798912525177,149.19930922985077,163.8208553791046
161,7,17,143.04986572265625,106.18141793066668,169.7639355659485,142.4121229350567,167.21550488471985
162,7,18,147.59521484375,106.18141793066668,155.03221344947815,136.81507897377014,168.56155288219452
163,7,19,144.9735870361328,106.18141793066668,200.1497223377228,155.95130395889282,157.83009839057922
164,7,20,167.52923583984375,106.18141793066668,199.5886297225952,168.4277946949005,176.5109372138977
165,7,21,164.796875,106.18141793066668,193.2460262775421,185.1292049884796,197.29600977897644
166,7,22,161.18975830078125,106.18141793066668,178.18725681304932,175.11796069145203,177.272021651268
167,7,23,146.0531768798828,106.18141793066668,196.5182852745056,170.151709318161,188.80554389953613
168,8,0,137.98699951171875,92.26443310588331,195.6286692619324,181.8779957294464,176.77078413963318
169,8,1,138.36074829101562,92.26443310588331,187.49106812477112,192.4692416191101,169.48940253257751
170,8,2,134.4847412109375,92.26443310588331,204.23521780967712,203.65007400512692,179.44698107242584
171,8,3,137.02354431152344,92.26443310588331,187.8678133487701,212.1923124790192,174.37901306152344
172,8,4,144.27806091308594,92.26443310588331,198.2251739501953,251.1993625164032,192.5528326034546
173,8,5,167.93911743164062,92.26443310588331,203.7881886959076,197.23090249300003,161.431223154068
174,8,6,179.59588623046875,92.26443310588331,209.0594551563263,221.5176432132721,193.4067599773407
175,8,7,190.4264373779297,92.26443310588331,190.3018889427185,171.8945927619934,150.5384948849678
176,8,8,180.3785858154297,92.26443310588331,124.24376380443572,148.37316024303436,169.8996102809906
177,8,9,164.9998779296875,92.26443310588331,81.8526885509491,92.07762455940248,62.43728458881378
178,8,10,154.35118103027344,92.26443310588331,-10.44423222541809,35.989060163497925,2.12146520614624
179,8,11,130.32766723632812,92.26443310588331,-26.34922182559967,-3.77925705909729,-26.04749703407288
180,8,12,134.14926147460938,92.26443310588331,21.736931562423703,8.198073506355286,2.2470552921295166
181,8,13,113.94486236572266,92.26443310588331,-19.712273836135864,-19.5077406167984,-25.048254370689392
182,8,14,103.49732971191406,92.26443310588331,66.89583683013916,53.91532444953919,48.43913435935974
183,8,15,107.78997802734376,92.26443310588331,95.13704954087734,106.34586489200592,102.59169042110445
184,8,16,127.2672882080078,92.26443310588331,153.92099726200104,181.29610443115237,169.72029674053192
185,8,17,146.98699951171875,92.26443310588331,176.34514486789703,164.26212334632874,195.9120444059372
186,8,18,170.5018768310547,92.26443310588331,174.610715508461,155.00330710411072,177.671058177948
187,8,19,156.78578186035156,92.26443310588331,242.7043130397797,180.95686054229736,236.3959589004517
188,8,20,196.9423370361328,92.26443310588331,231.6707468032837,201.24100828170776,203.65422010421756
189,8,21,187.41722106933597,92.26443310588331,192.36469113826752,179.85052347183228,212.68596529960632
190,8,22,162.08642578125,92.26443310588331,235.31146955490112,172.18505549430847,196.0774314403534
191,8,23,146.193115234375,92.26443310588331,201.89496660232544,158.01811170578003,175.6798436641693
192,9,0,134.48443603515625,88.72331906716666,170.61379981040955,157.1422609090805,156.99889934062958
193,9,1,127.12633514404295,88.72331906716666,158.63986158370972,170.47118020057678,171.25416672229767
194,9,2,129.39622497558594,88.72331906716666,185.76388359069824,197.63609051704407,160.7519121170044
195,9,3,144.9593963623047,88.72331906716666,165.21179258823395,205.49990558624268,171.71329283714294
196,9,4,146.93190002441406,88.72331906716666,190.24441850185397,196.45302319526672,173.56120944023132
197,9,5,169.23483276367188,88.72331906716666,174.34058713912964,184.5383870601654,168.92224621772766
198,9,6,166.66207885742188,88.72331906716666,198.53995180130005,194.812922000885,185.00856232643127
199,9,7,176.1493377685547,88.72331906716666,166.36721962690353,207.16183233261108,197.112479031086
200,9,8,184.10208129882807,88.72331906716666,141.95411264896393,125.67683506011964,139.9052815437317
201,9,9,164.57861328125,88.72331906716666,96.4963001012802,126.31216061115263,109.93559098243712
202,9,10,158.773681640625,88.72331906716666,83.34208106994629,43.89649975299835,68.65328669548035
203,9,11,149.6980438232422,88.72331906716666,4.603996753692627,33.12015986442566,7.472182989120483
204,9,12,130.13172912597656,88.72331906716666,3.1707009077072144,-6.793901920318604,-16.067668080329895
205,9,13,117.32152557373048,88.72331906716666,17.642178654670715,23.89419138431549,18.726766705513
206,9,14,120.0481185913086,88.72331906716666,93.80303871631622,57.08051085472107,55.80490505695343
207,9,15,132.79588317871094,88.72331906716666,107.08091735839844,106.35165762901306,113.19464147090912
208,9,16,131.37892150878906,88.72331906716666,140.6301091611385,121.9909284710884,150.26733082532883
209,9,17,136.12789916992188,88.72331906716666,141.48001098632812,149.75101351737976,162.26940953731537
210,9,18,151.1419677734375,88.72331906716666,168.0726878643036,156.63486659526825,161.62063479423523
211,9,19,156.62539672851562,88.72331906716666,194.9803984165192,150.76570856571198,185.6111152172089
212,9,20,157.7820587158203,88.72331906716666,212.74421215057373,154.66061532497406,154.56144416332245
213,9,21,148.77310180664062,88.72331906716666,195.7745020389557,136.8337062895298,162.7962684929371
214,9,22,133.58035278320312,88.72331906716666,186.9800560474396,123.03717130422592,149.40687942504883
215,9,23,116.59180450439452,88.72331906716666,188.54067707061768,119.78922417759895,122.67801654338837
216,10,0,109.59545135498048,73.654282278,188.55714344978333,147.31315767765045,130.41618502140045
217,10,1,108.80783081054688,73.654282278,160.07590293884277,132.25677955150604,132.16745924949646
218,10,2,98.03744506835938,73.654282278,146.80273389816284,123.5266452729702,132.97209429740906
219,10,3,94.24353790283205,73.654282278,144.30865955352783,107.29874074459076,115.46508690714836
220,10,4,97.45903778076172,73.654282278,145.31081533432007,120.2641054391861,128.48394870758057
221,10,5,96.61698150634766,73.654282278,135.91687202453613,113.71610575914384,101.24202620983124
222,10,6,105.68864440917967,73.654282278,120.50751439481974,138.46314001083374,98.74000591784716
223,10,7,115.4284439086914,73.654282278,129.94137454032898,106.34578037261964,105.6940798163414
224,10,8,116.0134506225586,73.654282278,133.72039127349854,142.32757556438446,143.08143937587738
225,10,9,127.55956268310548,73.654282278,120.3416717350483,81.4022034406662,96.56133183836936
226,10,10,109.56021881103516,73.654282278,129.87391996383667,102.56402099132538,112.97068136930466
227,10,11,104.68080139160156,73.654282278,113.0195084810257,72.28944480419159,84.88903763890266
228,10,12,92.88714599609376,73.654282278,91.45871031284332,87.21334430575371,81.76791670918465
229,10,13,84.33221435546875,73.654282278,89.8686950802803,70.98965936899185,93.50502529740334
230,10,14,91.56757354736328,73.654282278,89.91631805896759,91.27467757463457,73.17593681812286
231,10,15,106.07331085205078,73.654282278,111.44686785340308,95.89929714798927,94.16590678691864
232,10,16,107.846923828125,73.654282278,136.97620725631714,126.36497962474824,118.66176450252532
233,10,17,123.6253662109375,73.654282278,106.04769897460938,149.20052433013916,132.36005461215973
234,10,18,126.16007995605467,73.654282278,134.73198914527893,144.98204839229584,131.53087532520294
235,10,19,137.204833984375,73.654282278,154.02638006210327,149.99433398246765,162.4055358171463
236,10,20,140.33509826660156,73.654282278,162.61779153347015,182.08654510974884,155.13970065116882
237,10,21,148.8166961669922,73.654282278,157.18157029151917,139.04729735851288,168.57217049598694
238,10,22,124.19596099853516,73.654282278,152.67414927482605,138.63102397322655,157.57970345020294
239,10,23,116.61654663085938,73.654282278,178.52266454696655,152.3430938720703,160.98999667167664
240,11,0,114.44145965576172,76.35465082491667,175.77793538570404,144.79434192180634,140.13414549827576
241,11,1,111.31561279296876,76.35465082491667,166.43236374855042,142.63225850462914,157.55579733848572
242,11,2,110.76319885253906,76.35465082491667,144.087632894516,142.70058345794678,125.79498136043549
243,11,3,112.53346252441406,76.35465082491667,158.20402717590332,141.45403915643692,142.90352880954742
244,11,4,112.89382934570312,76.35465082491667,137.87485361099243,158.154545545578,142.3503714799881
245,11,5,125.93566131591795,76.35465082491667,153.55424237251282,140.07049679756165,134.5754325389862
246,11,6,129.58982849121094,76.35465082491667,153.5143147110939,144.66451787948608,133.6669363975525
247,11,7,147.6653594970703,76.35465082491667,166.10648861527443,176.05334651470184,143.0017811357975
248,11,8,150.9459228515625,76.35465082491667,160.79593592882156,112.56102299690248,123.53987234830856
249,11,9,136.23927307128906,76.35465082491667,145.26380860805511,130.78543651103973,104.5647587776184
250,11,10,150.89674377441406,76.35465082491667,142.07096576690674,102.68407785892488,83.22743082046509
251,11,11,144.62747192382812,76.35465082491667,118.0779219865799,103.97638994455338,67.83090496063232
252,11,12,132.23141479492188,76.35465082491667,101.38312709331512,63.652071714401245,34.731555581092834
253,11,13,118.19699096679688,76.35465082491667,118.18762427568436,97.16977590322496,56.54454845190048
254,11,14,111.72356414794922,76.35465082491667,128.37150919437408,105.30508488416672,84.95359972119331
255,11,15,108.95587921142578,76.35465082491667,113.37733387947084,115.9859064221382,107.26752388477324
256,11,16,104.48179626464844,76.35465082491667,124.31756162643433,121.79578185081482,123.78435826301576
257,11,17,99.72953033447266,76.35465082491667,133.0242235660553,123.3785718679428,150.28083086013794
258,11,18,120.7698211669922,76.35465082491667,124.46882152557372,106.84782457351685,141.11184442043304
259,11,19,107.05392456054688,76.35465082491667,128.50798344612122,98.92600899934769,115.2876787185669
260,11,20,94.87248229980467,76.35465082491667,120.74692976474762,87.53410816192627,109.17351937294006
261,11,21,83.53622436523438,76.35465082491667,117.40766608715056,90.35362374782562,109.27451455593108
262,11,22,82.68760681152344,76.35465082491667,108.41707932949066,98.77794659137726,113.02581641077995
263,11,23,64.23037719726562,76.35465082491667,83.87067973613739,87.34942507743835,108.64297807216644
264,12,0,63.63188171386719,52.91160712909283,92.26800990104675,99.93645453453064,102.78302586078644
265,12,1,61.20621109008789,52.91160712909283,96.2130628824234,108.79446041584016,108.54762828350069
266,12,2,65.33158111572266,52.91160712909283,116.27402329444884,96.94098281860352,92.45366996526718
267,12,3,77.68596649169922,52.91160712909283,131.5691795349121,140.88972747325897,113.34128737449646
268,12,4,97.97433471679688,52.91160712909283,143.4066822528839,141.5329150557518,105.332102060318
269,12,5,109.36312103271484,52.91160712909283,157.16957449913025,143.19439673423767,117.31331646442412
270,12,6,122.78350830078124,52.91160712909283,164.06453120708466,163.2243605852127,96.04026018083096
271,12,7,135.5275115966797,52.91160712909283,112.8642565011978,117.05583050847054,143.0224411487579
272,12,8,126.50443267822266,52.91160712909283,79.48459446430206,72.68901324272156,104.70851808786392
273,12,9,119.99380493164062,52.91160712909283,19.306605100631717,-4.122362494468689,4.364242315292358
274,12,10,108.89282989501952,52.91160712909283,-27.717293977737427,-28.121185779571533,-51.56537902355194
275,12,11,95.56643676757812,52.91160712909283,-60.03858280181885,-68.60601699352264,-89.75885117053986
276,12,12,87.81082916259766,52.91160712909283,-78.63700199127197,-48.575393199920654,-73.3469295501709
277,12,13,76.13028717041016,52.91160712909283,-51.371277809143066,-77.09944438934326,-38.220274925231934
278,12,14,74.51476287841797,52.91160712909283,-37.347519874572754,11.400915503501892,-19.935091376304623
279,12,15,69.66716003417969,52.91160712909283,35.06656610965729,34.514863044023514,58.373735427856445
280,12,16,86.43177032470703,52.91160712909283,90.44075763225555,112.73127162456512,80.82587513327599
281,12,17,87.70648956298828,52.91160712909283,150.15877187252045,114.20226120948792,119.59851616621016
282,12,18,124.97906494140624,52.91160712909283,160.3565547466278,122.81707739830016,118.95545041561128
283,12,19,120.74799346923828,52.91160712909283,155.84866547584534,123.95531582832336,135.23409688472748
284,12,20,133.56964111328125,52.91160712909283,162.32841801643372,144.8125901222229,165.98748582601547
285,12,21,133.6702117919922,52.91160712909283,156.0940384864807,154.268798828125,171.59201407432556
286,12,22,123.75680541992188,52.91160712909283,154.2275333404541,146.5249412059784,165.64414930343628
287,12,23,109.81729125976562,52.91160712909283,155.54486203193665,139.15970969200134,154.79658436775208
288,13,0,110.6844711303711,75.70713178958333,160.79571890830994,156.22599720954895,162.77112293243408
289,13,1,119.50447845458984,75.70713178958333,175.70258975028992,187.38678002357483,171.97220957279205
290,13,2,128.9378662109375,75.70713178958333,187.21621298789975,210.9679033756256,153.8794411420822
291,13,3,141.1870574951172,75.70713178958333,206.84018087387085,213.21233129501343,176.01923274993896
292,13,4,154.33035278320312,75.70713178958333,213.91274046897888,221.15139746665955,165.94720458984375
293,13,5,176.1884002685547,75.70713178958333,218.69313979148865,205.3459002971649,182.51488757133484
294,13,6,196.4450225830078,75.70713178958333,206.9445552825928,183.06845378875727,176.36804848909378
295,13,7,195.71766662597656,75.70713178958333,159.89322352409363,171.42778772115707,195.62256789207456
296,13,8,185.7462158203125,75.70713178958333,101.1676414012909,112.5661597251892,81.12609958648682
297,13,9,158.13381958007812,75.70713178958333,50.46308994293213,66.06038069725037,45.841975808143616
298,13,10,142.65106201171875,75.70713178958333,-15.835027813911438,-20.518285751342773,-31.165301084518436
299,13,11,126.5309600830078,75.70713178958333,-65.05552935600281,-38.49863982200623,-63.08869981765747
300,13,12,105.9565200805664,75.70713178958333,13.864254474639893,-34.759719252586365,-24.14145314693451
301,13,13,104.86150360107422,75.70713178958333,2.2958306074142456,-16.30121099948883,-12.903066396713257
302,13,14,95.89449310302734,75.70713178958333,56.39205873012543,33.24739372730255,21.843665957450867
303,13,15,100.16036987304688,75.70713178958333,97.46365571022034,67.2288926243782,66.79889941215515
304,13,16,100.09103393554688,75.70713178958333,136.83561700582504,106.93012285232544,120.8498717546463
305,13,17,110.0110855102539,75.70713178958333,121.9507052898407,118.86010837554932,147.83550465106964
306,13,18,119.29624938964844,75.70713178958333,114.32548213005066,137.0891044139862,163.17564845085144
307,13,19,125.35767364501952,75.70713178958333,118.7595899105072,126.59569931030272,154.4048639535904
308,13,20,130.4320068359375,75.70713178958333,157.64560616016388,141.41114139556885,137.63029396533966
309,13,21,130.64967346191406,75.70713178958333,170.74990439414978,141.59257769584656,140.6625097990036
310,13,22,117.08472442626952,75.70713178958333,159.49604320526123,130.5974600315094,123.82986283302309
311,13,23,103.71646881103516,75.70713178958333,139.5065928697586,114.31610441207886,150.01491856575012
312,14,0,102.63615417480467,52.49715500095834,145.74895763397217,134.05893969535828,121.13397133350372
313,14,1,97.16488647460938,52.49715500095834,133.7200653553009,130.91869115829468,132.76493990421295
314,14,2,101.20846557617188,52.49715500095834,122.44284439086914,125.3320848941803,140.84194135665894
315,14,3,104.34598541259766,52.49715500095834,165.19962644577026,150.82232874631882,125.22342669963837
316,14,4,105.88230895996094,52.49715500095834,168.97896122932434,164.76836323738098,115.54811489582062
317,14,5,113.20922088623048,52.49715500095834,130.86735332012177,131.882643699646,133.23697209358215
318,14,6,119.17536926269533,52.49715500095834,176.73936820030212,145.33448588848114,120.66499215364456
319,14,7,139.80999755859375,52.49715500095834,142.9307757616043,139.15403079986572,158.33760023117063
320,14,8,133.24195861816406,52.49715500095834,95.8265300989151,63.37473320960999,41.33180284500122
321,14,9,131.43397521972656,52.49715500095834,52.62793684005737,42.18201386928558,38.77799344062805
322,14,10,125.27142333984376,52.49715500095834,24.293610095977783,-17.231480479240417,-21.430882573127747
323,14,11,100.98436737060548,52.49715500095834,-49.97161173820496,-87.99820339679718,-61.502766489982605
324,14,12,85.8133544921875,52.49715500095834,-71.223517537117,-72.22521257400513,-78.45375752449036
325,14,13,72.3902587890625,52.49715500095834,-43.70274353027344,-30.156269907951355,-30.83591902256012
326,14,14,78.48564147949219,52.49715500095834,-22.237266182899475,-18.372629404067997,-23.18606173992157
327,14,15,70.77881622314453,52.49715500095834,33.71244430541992,21.05734062194824,21.99732220172882
328,14,16,61.66168594360352,52.49715500095834,85.25865944847465,93.4417974948883,88.93635007739067
329,14,17,87.92835235595703,52.49715500095834,117.37817311286926,107.92615354061128,131.07396739721298
330,14,18,99.11093139648438,52.49715500095834,97.50190448760986,83.88922584056854,110.10306179523468
331,14,19,84.64368438720703,52.49715500095834,121.18687951564787,107.9564723968506,111.2142083644867
332,14,20,91.07511901855467,52.49715500095834,97.14157712459564,81.01885414123535,94.39785331487656
333,14,21,82.2912826538086,52.49715500095834,119.45526123046876,92.60688823461533,74.36829793453217
334,14,22,68.03103637695312,52.49715500095834,135.67279434204102,109.57086372375488,97.6926257610321
335,14,23,67.65576171875,52.49715500095834,130.08123886585236,98.90017729997636,81.20525217056274
336,15,0,61.622833251953125,46.715857215125,126.47354793548584,85.88658308982849,92.95192813873292
337,15,1,61.91512298583984,46.715857215125,108.07110524177553,84.62448465824127,99.95106491446496
338,15,2,62.60310745239258,46.715857215125,85.96386098861694,85.53117537498474,93.3616373538971
339,15,3,64.86811065673828,46.715857215125,93.578528881073,98.30378031730652,99.33842515945436
340,15,4,74.29495239257812,46.715857215125,64.62438905239105,115.22708916664124,99.12911519408226
341,15,5,73.28174591064453,46.715857215125,153.8689045906067,125.59557944536208,104.0025006532669
342,15,6,81.60184478759766,46.715857215125,124.5363286435604,135.01174330711365,106.94820654392242
343,15,7,98.3085708618164,46.715857215125,100.70782351493835,87.61147862672806,92.14168107509612
344,15,8,82.62612915039062,46.715857215125,74.3065996170044,68.99663424491882,70.26077353954315
345,15,9,82.9769287109375,46.715857215125,73.20761805772781,67.31586170196533,54.41971790790558
346,15,10,76.45557403564453,46.715857215125,93.67393499612808,53.746631026268005,63.82053327560425
347,15,11,83.7542495727539,46.715857215125,58.2952287197113,50.64530095458031,66.28964626789093
348,15,12,66.54132080078125,46.715857215125,55.70768058300018,37.26830303668976,40.727461874485016
349,15,13,63.0926399230957,46.715857215125,-3.112395167350769,-8.173734068870544,-3.387852430343628
350,15,14,51.6774787902832,46.715857215125,-18.04043155908585,-26.282463908195496,-16.809308350086212
351,15,15,47.51331329345703,46.715857215125,-11.173047363758087,15.422559380531313,10.960312306880953
352,15,16,50.61126708984375,46.715857215125,50.311935149133205,84.8805895447731,80.09673833847046
353,15,17,65.47688293457031,46.715857215125,81.78711879253387,84.3026595711708,77.30719012022018
354,15,18,61.30098342895508,46.715857215125,107.66625428199768,94.84942746162416,92.48227429389954
355,15,19,84.01528930664062,46.715857215125,82.02244156599045,77.49562466144562,87.52899777889252
356,15,20,66.4902114868164,46.715857215125,105.95790219306946,66.85376965999603,78.22002440690994
357,15,21,63.353492736816406,46.715857215125,101.03592026233672,69.14583659172058,65.83451128005981
358,15,22,51.01144790649414,46.715857215125,86.22471153736115,61.146819442510605,63.29076844453812
359,15,23,49.27066802978516,46.715857215125,107.26132214069366,94.54741215705872,78.59751319885254
360,16,0,49.09125900268555,50.15172543847916,86.66542649269104,70.50691574811935,67.46711659431458
361,16,1,42.99008560180664,50.15172543847916,87.14557707309723,74.57549440860748,80.4958016872406
362,16,2,44.241512298583984,50.15172543847916,79.56318658590317,86.10172617435455,85.77729654312134
363,16,3,52.34148025512695,50.15172543847916,82.95287048816681,78.20185816287994,82.38010549545288
364,16,4,50.004302978515625,50.15172543847916,91.69324016571044,94.86173737049104,87.29300782084465
365,16,5,59.28196716308594,50.15172543847916,87.53156328201294,96.17171084880827,66.46284687519073
366,16,6,61.98664855957031,50.15172543847916,112.6922895014286,118.14129219949244,117.01674389839172
367,16,7,89.87754821777344,50.15172543847916,79.44219386577606,88.84938287734985,90.38284653425217
368,16,8,68.6224594116211,50.15172543847916,62.33956360816956,49.54497683048248,43.20807719230652
369,16,9,62.87220764160156,50.15172543847916,69.1323436498642,60.7061380147934,81.1522895693779
370,16,10,71.47296905517578,50.15172543847916,71.43673646450043,20.93893325328827,31.55422329902649
371,16,11,70.00028991699219,50.15172543847916,54.64702296257019,17.765401601791382,25.75220227241516
372,16,12,66.47560119628906,50.15172543847916,28.605643153190613,3.9179145097732544,24.04932284355164
373,16,13,71.42394256591797,50.15172543847916,12.826090574264526,2.3824212551116943,-15.891889214515686
374,16,14,72.02445220947266,50.15172543847916,69.96625280380249,69.15393528342247,66.20357397198677
375,16,15,76.92383575439453,50.15172543847916,138.03007984161377,132.13045102357864,105.67451107501984
376,16,16,99.3474349975586,50.15172543847916,115.58334958553314,90.47057574987411,94.04230004549026
377,16,17,110.19145965576172,50.15172543847916,148.11756658554077,131.22945654392242,139.92468237876892
378,16,18,129.09564208984375,50.15172543847916,124.43550682067873,100.18372809886932,125.52163237333298
379,16,19,116.7127685546875,50.15172543847916,129.18427419662476,122.35267651081084,129.7555342912674
380,16,20,117.02281188964844,50.15172543847916,134.0462408065796,148.6114717721939,137.36781439185145
381,16,21,121.59452056884766,50.15172543847916,135.7617529630661,131.4550967812538,154.7453374862671
382,16,22,120.73030853271484,50.15172543847916,174.96114373207092,135.35804629325867,150.26001691818237
383,16,23,112.03228759765624,50.15172543847916,164.92934608459473,133.3680375814438,150.8971781730652
384,17,0,108.22199249267578,81.06656552196667,157.71910202503204,154.26639223098755,152.59468579292297
385,17,1,108.8497543334961,81.06656552196667,154.25350761413574,145.7840954065323,134.6867983341217
386,17,2,112.1146469116211,81.06656552196667,158.21089684963226,162.5578293800354,163.53163838386536
387,17,3,117.45521545410156,81.06656552196667,168.34982705116272,166.55263477563858,150.24762678146362
388,17,4,132.1230010986328,81.06656552196667,175.57143998146057,182.39898562431333,150.6096911430359
389,17,5,143.24282836914062,81.06656552196667,177.36502063274384,159.0242758989334,161.83841061592102
390,17,6,146.75942993164062,81.06656552196667,193.39319324493408,199.1669681072235,168.56908184289932
391,17,7,162.05810546875,81.06656552196667,206.61838245391849,195.874346613884,181.1226267814636
392,17,8,165.35995483398438,81.06656552196667,153.58017194271088,144.86135059595108,157.79243075847626
393,17,9,153.39051818847656,81.06656552196667,164.57609698176384,123.86040550470352,125.7994263768196
394,17,10,148.40928649902344,81.06656552196667,82.16969323158264,78.55879855155945,68.78043508529663
395,17,11,154.34701538085938,81.06656552196667,70.96073532104492,32.0431991815567,49.46616196632385
396,17,12,154.7621612548828,81.06656552196667,34.06459927558899,20.437434911727905,25.92492747306824
397,17,13,123.42787170410156,81.06656552196667,59.27692401409149,67.33651888370514,49.73331952095032
398,17,14,92.68585205078124,81.06656552196667,81.32682621479034,81.51924151182175,76.1576936841011
399,17,15,88.05780029296875,81.06656552196667,92.43841540813446,84.46221390366554,96.76010763645172
400,17,16,88.89703369140625,81.06656552196667,129.43480360507965,113.99527579545976,120.13223076239228
401,17,17,106.92160034179688,81.06656552196667,122.15142381191254,131.48891162872314,133.25112509727478
402,17,18,109.9111099243164,81.06656552196667,129.91590023040771,100.3740005493164,118.84016728401184
403,17,19,108.32574462890624,81.06656552196667,124.82895648479462,135.55269718170166,136.3324671983719
404,17,20,103.91917419433594,81.06656552196667,125.79929494857788,110.46638834476472,128.20470714569092
405,17,21,102.63233184814452,81.06656552196667,136.49491107463837,137.52467906475067,129.39048773050308
406,17,22,91.21900177001952,81.06656552196667,137.64518070220947,96.13689386844636,121.93148756027222
407,17,23,89.38707733154297,81.06656552196667,140.7827433347702,107.2491771876812,112.09447705745696
408,18,0,84.90223693847656,63.48714293325,132.91424345970154,94.3690984249115,126.21437764167786
409,18,1,83.28752136230469,63.48714293325,127.04235434532166,131.3283829689026,114.2401393353939
410,18,2,78.05091094970703,63.48714293325,134.49615931510925,125.15411353111269,115.96268546581268
411,18,3,77.82867431640625,63.48714293325,113.16335320472716,108.5413057655096,108.29773771762848
412,18,4,79.67789459228516,63.48714293325,113.15592801570892,115.01809549331664,111.94824421405792
413,18,5,86.69086456298828,63.48714293325,151.8149117231369,127.2072710096836,115.90761435031892
414,18,6,107.70203399658205,63.48714293325,140.4053614139557,154.18694269657135,104.8732436299324
415,18,7,114.21529388427734,63.48714293325,104.43998622894289,109.88097089529036,122.5998876094818
416,18,8,114.7264175415039,63.48714293325,131.32829332351685,139.32148826122284,110.21390354633331
417,18,9,129.78404235839844,63.48714293325,93.20823276042938,44.58390665054321,44.540489196777344
418,18,10,99.49267578125,63.48714293325,53.60107815265656,35.5872642993927,-11.9379004240036
419,18,11,89.4066390991211,63.48714293325,52.51691460609436,7.772906422615051,8.01619005203247
420,18,12,89.39256286621094,63.48714293325,108.43375200033188,78.0499347448349,70.06356191635132
421,18,13,123.72039794921876,63.48714293325,96.61156487464903,56.775998413562775,79.64553958177567
422,18,14,90.60276794433594,63.48714293325,77.29522550106049,76.16578412055969,48.02688527107239
423,18,15,80.21743774414062,63.48714293325,95.99500715732574,103.44919887185095,122.0726639032364
424,18,16,86.63162231445312,63.48714293325,114.23683762550354,116.93659880012274,131.68894147872925
425,18,17,99.27496337890624,63.48714293325,116.85771036148073,118.85518896579742,149.28248274326324
426,18,18,101.5778579711914,63.48714293325,101.34916496276855,120.18616127967834,109.22346377372742
427,18,19,98.36318969726562,63.48714293325,141.03469276428223,113.45572364330292,140.97615349292755
428,18,20,113.897705078125,63.48714293325,139.36658883094788,117.01461005210876,126.26366001367568
429,18,21,102.06640625,63.48714293325,157.58229434490204,122.9235565662384,136.32708287239075
430,18,22,101.4692611694336,63.48714293325,156.73897242546082,129.45655834674835,103.79836082458496
431,18,23,82.25909423828125,63.48714293325,138.88919246196747,110.87892258167268,137.9267315864563
432,19,0,88.8292465209961,46.068102811816665,120.40120029449464,118.22902917861938,108.01388132572174
433,19,1,83.69811248779297,46.068102811816665,145.52550554275513,130.9053739309311,127.48140168190002
434,19,2,81.99971008300781,46.068102811816665,141.2621819972992,110.11111581325532,71.2068904042244
435,19,3,82.94343566894531,46.068102811816665,124.89964389801024,119.66314482688904,107.05994951725006
436,19,4,84.59911346435547,46.068102811816665,129.6186419725418,123.64534711837769,77.12962400913239
437,19,5,91.48551940917967,46.068102811816665,134.86912417411804,128.48790526390076,117.23463177680968
438,19,6,105.2872085571289,46.068102811816665,123.66890835762024,121.6611067056656,80.68986316025257
439,19,7,102.9945297241211,46.068102811816665,74.80094474554062,77.22556185722351,90.71674758195876
440,19,8,103.56200408935548,46.068102811816665,46.023563623428345,33.83817219734192,7.444974422454834
441,19,9,98.3155517578125,46.068102811816665,-5.999001145362854,-31.0521399974823,-10.640733122825624
442,19,10,91.86315155029295,46.068102811816665,-4.111607313156128,-39.28868043422699,-30.03544795513153
443,19,11,108.97168731689452,46.068102811816665,-38.75354206562042,-46.1805671453476,-50.6316431760788
444,19,12,68.36614227294922,46.068102811816665,-59.19341111183167,-76.63338160514832,-70.32570362091064
445,19,13,63.568824768066406,46.068102811816665,-39.51698422431946,-26.69549190998077,-31.01441729068756
446,19,14,61.36454772949219,46.068102811816665,51.4555349946022,60.23426082730293,59.325936019420624
447,19,15,63.100128173828125,46.068102811816665,93.2113419175148,53.065325409173965,76.79788386821747
448,19,16,61.42391586303711,46.068102811816665,86.7556381225586,96.47410011291504,90.6177191734314
449,19,17,84.07394409179688,46.068102811816665,83.79021489620209,94.5447154045105,80.1472036242485
450,19,18,81.68838500976562,46.068102811816665,94.39875447750092,77.05183219909668,86.50456577539444
451,19,19,85.2097396850586,46.068102811816665,97.64239716529846,94.40061485767365,93.80016422271729
452,19,20,89.08174133300781,46.068102811816665,102.6270112991333,79.8524022102356,72.11207568645477
453,19,21,69.04995727539062,46.068102811816665,107.00684642791748,92.15082013607024,81.94057762622833
454,19,22,70.15032958984375,46.068102811816665,113.35500299930573,79.32395279407501,71.8226124048233
455,19,23,53.90181350708008,46.068102811816665,93.04217064380646,77.33758646249771,64.85401725769043
456,20,0,50.43476104736328,41.165601924820834,103.51082599163055,84.5107090473175,76.40783679485321
457,20,1,50.87596893310547,41.165601924820834,105.42851066589355,93.38098549842834,86.83222424983978
458,20,2,59.21247482299805,41.165601924820834,88.78584855794907,87.73111420869827,86.20132327079773
459,20,3,47.79223251342773,41.165601924820834,87.68808591365814,83.08007097244263,92.61837774515152
460,20,4,54.12129974365234,41.165601924820834,88.98408931493759,83.19753968715668,83.78648483753204
461,20,5,56.55165100097656,41.165601924820834,96.91710329055786,103.74995839595796,97.57589912414552
462,20,6,67.19381713867188,41.165601924820834,104.14019918441772,80.68635392934084,77.77698647975922
463,20,7,71.03461456298828,41.165601924820834,76.33986228704453,91.75890910625458,74.98980152606964
464,20,8,72.5742416381836,41.165601924820834,56.406492829322815,36.11084741353989,36.32989954948425
465,20,9,66.38992309570312,41.165601924820834,36.46731960773468,10.625969290733336,4.373923897743225
466,20,10,56.39602279663086,41.165601924820834,24.65214693546295,-10.373868227005005,17.597137928009033
467,20,11,50.58027267456055,41.165601924820834,52.38892304897308,23.761320650577545,20.09315848350525
468,20,12,47.58904647827149,41.165601924820834,36.12844586372376,16.480262875556946,35.30557781457901
469,20,13,51.32792282104492,41.165601924820834,69.61454427242279,45.90588065981865,53.295481622219086
470,20,14,51.94028472900391,41.165601924820834,67.54413598775864,42.94337564706802,55.42466703057289
471,20,15,56.51622009277344,41.165601924820834,70.31058955192566,63.10883566737175,62.18191224336624
472,20,16,51.30083465576172,41.165601924820834,78.66062957048416,69.45916706323624,64.24062520265579
473,20,17,62.35100555419922,41.165601924820834,76.38767182826996,80.25601518154144,75.45425671339035
474,20,18,57.408966064453125,41.165601924820834,70.95889639854431,78.12944602966309,66.74462389945984
475,20,19,55.54661560058594,41.165601924820834,73.93264603614807,77.13777387142181,54.90675890445709
476,20,20,41.79363250732422,41.165601924820834,62.22834664583206,51.87452107667923,25.377480447292328
477,20,21,46.73843002319336,41.165601924820834,53.14965760707855,52.24648544192314,66.29314994812012
478,20,22,34.62353515625,41.165601924820834,44.60133835673332,31.001489371061325,43.16014474630356
479,20,23,26.64301109313965,41.165601924820834,50.31665736436844,51.77742764353752,41.016133248806
480,21,0,19.639236450195312,32.352004676662496,43.52884876728058,48.6582310795784,43.93162548542023
481,21,1,22.421165466308597,32.352004676662496,41.76423329114914,57.91612392663956,40.02494323253632
482,21,2,20.374950408935547,32.352004676662496,36.78914076089859,54.702345848083496,41.70088571310043
483,21,3,19.363147735595703,32.352004676662496,37.91461157798767,57.61144876480103,37.5769367814064
484,21,4,21.717365264892575,32.352004676662496,81.12431573867798,70.0372819006443,66.02779391407967
485,21,5,41.3162841796875,32.352004676662496,63.87047052383423,73.85566893219948,58.71791160106659
486,21,6,42.61426162719727,32.352004676662496,65.90012513101101,63.95853701233864,41.209263160824776
487,21,7,38.24211120605469,32.352004676662496,-5.218876212835312,19.56724762916565,6.658771336078644
488,21,8,35.18272399902344,32.352004676662496,-0.8489275872707367,-16.27464610338211,-19.280859887599945
489,21,9,40.97067642211914,32.352004676662496,-39.964412569999695,-59.45736753940582,-64.2516508102417
490,21,10,30.58887481689453,32.352004676662496,-65.55877232551575,-100.98085188865662,-75.03741800785065
491,21,11,26.650917053222656,32.352004676662496,-14.95883709192276,-21.13103699684143,-13.125036656856537
492,21,12,37.508399963378906,32.352004676662496,31.48640519380569,9.20905351638794,24.75541865825653
493,21,13,44.384803771972656,32.352004676662496,16.699308931827545,2.5195268988609314,10.714042067527773
494,21,14,31.953514099121094,32.352004676662496,32.63700893521309,43.16947561502457,43.71287149190903
495,21,15,38.421630859375,32.352004676662496,68.61776158213615,73.88564045727253,70.47060108184814
496,21,16,58.190547943115234,32.352004676662496,65.20881992578506,89.98628497123718,84.5602445602417
497,21,17,79.1355972290039,32.352004676662496,94.42346858978271,62.907847821712494,78.91222441196442
498,21,18,69.5206069946289,32.352004676662496,91.92371928691864,85.10648477077484,85.48753237724304
499,21,19,82.27842712402344,32.352004676662496,108.91341865062714,84.52383315563202,75.23012167215347
500,21,20,73.16110229492188,32.352004676662496,93.41303741931917,83.69448053836823,75.24251353740692
501,21,21,74.05352783203125,32.352004676662496,119.4988100528717,75.26526242494583,88.11821150779724
502,21,22,81.30396270751953,32.352004676662496,116.0902055501938,87.82922673225403,87.79528653621674
503,21,23,75.2209243774414,32.352004676662496,108.57150518894196,82.1795916557312,102.37923538684844
504,22,0,76.75709533691406,73.539249575,113.77807331085204,94.37998974323273,120.07851833105089
505,22,1,72.87939453125,73.539249575,108.92498517036438,87.80710777640343,106.98707950115204
506,22,2,78.43474578857422,73.539249575,114.04040837287904,98.053107380867,112.41033750772476
507,22,3,78.96974182128906,73.539249575,117.78265821933746,106.51838247478008,122.35564815998076
508,22,4,91.51642608642578,73.539249575,114.77916264533997,121.69204580783844,104.87209939956664
509,22,5,90.09979248046876,73.539249575,136.87710094451904,146.67098903656006,120.71863305568696
510,22,6,115.03656768798828,73.539249575,122.1247936487198,135.6490200161934,122.73405277729034
511,22,7,116.56964874267578,73.539249575,139.74415147304535,143.6828808784485,137.36378610134125
512,22,8,120.98210144042967,73.539249575,125.80637121200562,116.85587203502656,107.6624701321125
513,22,9,114.62538146972656,73.539249575,111.77302551269533,108.85579454898834,99.90559673309326
514,22,10,115.16452026367188,73.539249575,122.48521828651428,72.84193104505539,74.60188055038452
515,22,11,113.56568145751952,73.539249575,101.25115263462068,95.89279156923294,103.02295035123824
516,22,12,107.5889892578125,73.539249575,103.2859867811203,96.48395901918413,92.98132330179214
517,22,13,109.73271942138672,73.539249575,110.44989717006683,98.48347008228302,96.32220613956451
518,22,14,105.76376342773438,73.539249575,132.838175624609,106.22467720508575,111.77988141775133
519,22,15,113.36660766601562,73.539249575,135.71197831630707,137.58170303702354,125.25078615546228
520,22,16,114.7890625,73.539249575,117.60992431640624,112.32278323173524,112.31922006607056
521,22,17,113.11605834960938,73.539249575,121.12700021266936,150.18342530727386,143.2258734703064
522,22,18,127.55316162109376,73.539249575,145.38217067718506,132.19444632530212,146.58100986480713
523,22,19,136.3525390625,73.539249575,162.49037957191467,186.5234386920929,182.60779857635495
524,22,20,144.5989227294922,73.539249575,162.38589715957642,146.891217648983,164.1259259581566
525,22,21,139.8430633544922,73.539249575,161.58841478824615,159.2761014699936,187.74231934547424
526,22,22,132.748779296875,73.539249575,168.12293648719788,174.60025930404663,154.79303804039955
527,22,23,119.58790588378906,73.539249575,196.67407870292664,152.42870837450027,162.9792959690094
528,23,0,117.43404388427734,74.70000826425,200.1811661720276,154.9591588973999,147.7513964176178
529,23,1,116.9705810546875,74.70000826425,177.72654247283936,141.59763914346695,153.79222333431244
530,23,2,115.7609405517578,74.70000826425,175.03309655189514,153.90094876289368,137.68115830421448
531,23,3,118.06476593017578,74.70000826425,151.63163208961487,168.31070691347122,160.86594653129578
532,23,4,126.79016876220705,74.70000826425,160.6834979057312,141.26938319206238,135.21907210350037
533,23,5,129.5702362060547,74.70000826425,136.0688281059265,164.1701917052269,160.8003933429718
534,23,6,132.7118377685547,74.70000826425,176.97214257717133,176.14597253501415,160.55518355965614
535,23,7,153.44827270507812,74.70000826425,154.68485206365585,166.22454416751862,123.58004224300385
536,23,8,141.0929412841797,74.70000826425,137.89422297477722,97.92921984195708,109.84416449069975
537,23,9,118.4343719482422,74.70000826425,126.58955919742584,96.4604550600052,80.40893316268921
538,23,10,114.69171142578124,74.70000826425,119.61014783382416,77.60646098852158,87.72066622972488
539,23,11,97.76744842529295,74.70000826425,91.76200133562088,89.80261254310608,83.45533430576324
540,23,12,90.93610382080078,74.70000826425,94.72715866565704,50.60399490594864,67.4383037686348
541,23,13,88.77069854736328,74.70000826425,96.68537864089012,78.58656749129295,93.1828896701336
542,23,14,92.2454833984375,74.70000826425,109.43865728378296,91.1278546154499,95.54642809927464
543,23,15,95.48886108398438,74.70000826425,111.56367127597332,99.27750647068024,98.467773899436
544,23,16,94.48411560058594,74.70000826425,134.2405650615692,136.11357843875885,127.17075264453888
545,23,17,125.14613342285156,74.70000826425,119.28363692760468,118.73884391784668,129.71887516975403
546,23,18,110.41925048828124,74.70000826425,110.0646631717682,96.77549028396606,97.31595933437347
547,23,19,101.79149627685548,74.70000826425,119.1298440694809,122.3878083229065,118.67184591293336
548,23,20,110.0060806274414,74.70000826425,138.8376133441925,125.08370792865752,117.49746763706209
549,23,21,111.1946029663086,74.70000826425,134.98850059509277,106.79567337036131,112.46581768989564
550,23,22,88.72431182861328,74.70000826425,128.12285470962524,95.03830140829086,97.77612709999084
551,23,23,77.74539184570312,74.70000826425,120.21547436714172,82.59829461574554,98.807537317276
552,24,0,66.41785430908203,56.39540272062501,108.87098860740662,84.27866840362549,80.29536175727844
553,24,1,63.98500442504883,56.39540272062501,98.86854672431946,81.81313359737396,104.28695511817932
554,24,2,60.06720352172852,56.39540272062501,88.0012172460556,106.30650687217712,106.07898879051208
555,24,3,62.79791641235352,56.39540272062501,90.60781371593475,91.2813169658184,112.82044345140456
556,24,4,59.08634948730469,56.39540272062501,87.0714201927185,100.18267250061037,89.21796214580536
557,24,5,64.01773071289062,56.39540272062501,121.95144057273863,106.19388431310654,91.45147043466568
558,24,6,68.25397491455078,56.39540272062501,111.13269236683846,124.54570841789246,105.629286326468
559,24,7,86.65645599365234,56.39540272062501,122.59777998924255,125.73018616437912,114.9165712594986
560,24,8,105.38724517822266,56.39540272062501,106.63062831759451,91.89183759689332,89.87658056616783
561,24,9,90.8335418701172,56.39540272062501,95.86152303218842,89.6842514872551,91.5854988694191
562,24,10,89.93449401855469,56.39540272062501,110.39998495578766,69.47284227609634,88.92505046725273
563,24,11,90.8818359375,56.39540272062501,88.32295203208923,83.72344297170639,89.6827861070633
564,24,12,80.19158172607422,56.39540272062501,64.41075778007507,24.39798963069916,39.18912959098816
565,24,13,73.76071166992188,56.39540272062501,8.85922884941101,4.059327244758606,18.332122921943665
566,24,14,72.77177429199219,56.39540272062501,13.396687388420103,34.23138749599457,22.984766125679016
567,24,15,70.38574981689453,56.39540272062501,46.535620748996735,74.29857444763184,67.17335891723633
568,24,16,83.0906753540039,56.39540272062501,105.7706036567688,80.97953614592552,101.15366271138193
569,24,17,90.9791030883789,56.39540272062501,114.56325244903564,114.7404716014862,101.26490443944932
570,24,18,94.37159729003906,56.39540272062501,133.4436023235321,126.5683652162552,126.34468412399292
571,24,19,105.36032104492188,56.39540272062501,133.00327134132385,144.8451778292656,131.74593526124954
572,24,20,112.83186340332033,56.39540272062501,111.79353022575378,116.67917674779892,118.50224006175996
573,24,21,101.18798828125,56.39540272062501,142.04622054100037,119.88563013076782,124.93161204457284
574,24,22,103.86138916015624,56.39540272062501,157.5159068107605,128.32008528709412,124.61226785182951
575,24,23,101.3699188232422,56.39540272062501,167.2102119922638,150.95730170607567,118.32433903217316
576,25,0,88.19181823730469,67.16472042141667,149.66157817840576,115.10108584165572,127.04466581344604
577,25,1,90.26235961914062,67.16472042141667,148.27811670303345,120.51320973038672,126.16464948654176
578,25,2,86.21751403808594,67.16472042141667,119.61647546291351,120.93766272068024,119.41520345211028
579,25,3,87.0650405883789,67.16472042141667,124.98017966747284,132.71988081932068,119.90146708488464
580,25,4,87.45252990722656,67.16472042141667,105.30938923358916,125.06629550457,112.39517998695374
581,25,5,89.2088623046875,67.16472042141667,131.86736869812012,121.69755405187608,103.85856807231904
582,25,6,91.23916625976562,67.16472042141667,116.9345017373562,113.91746079921722,104.96133533120155
583,25,7,104.30557250976562,67.16472042141667,137.18696331977844,138.6384893655777,116.13921692967416
584,25,8,117.11932373046876,67.16472042141667,139.11495172977448,117.96469993889332,99.31930500268936
585,25,9,109.92534637451172,67.16472042141667,131.48937261104584,116.77010878920557,108.65323579311372
586,25,10,105.2246551513672,67.16472042141667,130.07680583000183,121.457214102149,115.75149524211884
587,25,11,104.00847625732422,67.16472042141667,144.53570067882538,113.30013810098173,109.76702296733856
588,25,12,114.56968688964844,67.16472042141667,124.19291186332704,100.07116839289664,81.49042797088623
589,25,13,98.92432403564452,67.16472042141667,129.02665865421295,83.00438007712364,99.363856472075
590,25,14,98.26180267333984,67.16472042141667,107.3696962594986,108.58547788858414,105.54665994644164
591,25,15,100.9314422607422,67.16472042141667,119.95201969146729,122.53391593694688,131.40006330609322
592,25,16,106.26789855957033,67.16472042141667,111.27817010879517,93.52927958965302,116.79294204711914
593,25,17,101.52433776855467,67.16472042141667,103.30893898010254,122.50491654872894,118.76481652259828
594,25,18,102.7069320678711,67.16472042141667,107.7630294561386,91.70961701869965,111.84547019004822
595,25,19,100.61721801757812,67.16472042141667,119.45531582832336,94.24530243873596,113.62467789649963
596,25,20,90.15088653564452,67.16472042141667,151.79761517047882,108.9462674856186,125.20938467979433
597,25,21,92.6993179321289,67.16472042141667,127.11210536956789,82.82889103889465,109.24243038892746
598,25,22,84.56390380859375,67.16472042141667,117.5975625514984,94.76569950580596,95.28351843357086
599,25,23,72.5091323852539,67.16472042141667,103.36989879608154,95.27059483528136,91.27053111791612
600,26,0,70.00183868408203,43.94522550337499,97.88404893875122,88.48042058944702,92.74188601970673
601,26,1,67.3309097290039,43.94522550337499,127.14181303977966,90.02270781993866,86.37853732705116
602,26,2,63.27773666381836,43.94522550337499,139.29800927639008,105.0523155927658,71.53473651409149
603,26,3,65.72559356689453,43.94522550337499,120.04812562465668,112.96790206432344,63.79149502515793
604,26,4,67.17642211914062,43.94522550337499,103.4350163936615,113.81342977285384,100.65023350715636
605,26,5,77.95738983154297,43.94522550337499,136.2904450893402,102.06609523296356,111.07481098175047
606,26,6,98.28549194335938,43.94522550337499,105.38453882932664,94.42812265455724,74.83281597495079
607,26,7,89.19570922851562,43.94522550337499,34.530969083309174,56.845722794532776,63.77828919887543
608,26,8,77.99787902832031,43.94522550337499,43.00394594669342,27.626803696155548,-3.750330209732056
609,26,9,67.60350799560547,43.94522550337499,41.355520248413086,36.0840927362442,34.78928583860397
610,26,10,67.78206634521484,43.94522550337499,-27.527051091194156,-20.054038763046265,-55.21297478675842
611,26,11,63.846187591552734,43.94522550337499,-37.53162837028504,-94.2055366039276,-71.33948826789856
612,26,12,57.3250846862793,43.94522550337499,-36.82474112510681,-28.86171293258667,-49.3264262676239
613,26,13,59.97818374633789,43.94522550337499,19.762201368808743,-21.951330304145813,-11.477153360843658
614,26,14,51.68046188354492,43.94522550337499,48.06373304128647,44.51365876197815,72.56052875518799
615,26,15,56.232398986816406,43.94522550337499,69.57100123167038,61.0489487349987,66.6123680472374
616,26,16,61.72883605957031,43.94522550337499,83.73474085330963,94.00420144200324,109.03545835614204
617,26,17,72.254150390625,43.94522550337499,88.17496514320374,98.10173094272614,102.5979858636856
618,26,18,79.8353042602539,43.94522550337499,95.51141440868378,104.81354433298112,109.65725773572922
619,26,19,85.6880874633789,43.94522550337499,130.78723776340485,117.75328385829926,104.58074426651
620,26,20,86.64043426513672,43.94522550337499,125.55258989334106,119.80424189567566,96.13396376371384
621,26,21,82.46865844726562,43.94522550337499,108.58319330215454,107.78854143619536,98.60100722312929
622,26,22,80.13843536376953,43.94522550337499,106.48470747470856,117.96807491779327,100.8747534751892
623,26,23,75.33562469482422,43.94522550337499,105.04718029499054,105.96873664855956,116.16344141960144
624,27,0,84.15792083740234,43.08930080841666,125.771115899086,92.4015788435936,108.24852776527403
625,27,1,83.26178741455078,43.08930080841666,153.6465344429016,118.62626266479492,119.3239095211029
626,27,2,72.44646453857422,43.08930080841666,129.31340742111206,93.54394459724426,64.55531537532806
627,27,3,74.96050262451172,43.08930080841666,125.36411893367767,97.24609184265135,90.1946098804474
628,27,4,78.1468734741211,43.08930080841666,138.4609409570694,87.9117836356163,62.89352607727051
629,27,5,89.63362884521484,43.08930080841666,154.3034030199051,113.94591581821442,111.97606015205383
630,27,6,122.55256652832033,43.08930080841666,119.95569798350334,112.75760344415905,89.87001392245293
631,27,7,113.6076202392578,43.08930080841666,76.95830500125885,96.77522790431976,90.60959088802338
632,27,8,95.34622955322266,43.08930080841666,35.723549246788025,37.132829785346985,17.05724835395813
633,27,9,97.98942565917967,43.08930080841666,-18.8787122964859,-4.557140350341797,-6.862391114234924
634,27,10,72.75856018066406,43.08930080841666,-22.97623872756958,-33.006439208984375,-54.88603603839874
635,27,11,91.8908920288086,43.08930080841666,-50.201727628707886,-62.32839035987854,-58.017415165901184
636,27,12,55.04442596435547,43.08930080841666,-87.70401155948639,-113.94385874271391,-108.02263522148132
637,27,13,45.64755630493164,43.08930080841666,-89.79078137874603,-82.39891529083252,-94.23742306232452
638,27,14,37.5706787109375,43.08930080841666,-46.57290363311768,-66.11754643917084,-59.05592620372772
639,27,15,37.34244537353516,43.08930080841666,-4.560220003128052,-11.315581619739532,-16.497910976409912
640,27,16,40.76337432861328,43.08930080841666,44.0416265130043,74.44139182567596,66.24183970689774
641,27,17,58.437721252441406,43.08930080841666,72.8900740146637,66.16495388746262,96.89645636081696
642,27,18,66.13278198242188,43.08930080841666,96.01354229450226,86.45640766620636,81.75153774023056
643,27,19,68.64503479003906,43.08930080841666,106.88737332820892,101.08582651615144,126.9077252149582
644,27,20,90.72335815429688,43.08930080841666,87.34192180633545,79.54320311546326,95.2921302318573
645,27,21,70.92732238769531,43.08930080841666,105.2087174654007,69.18252116441727,81.61787581443787
646,27,22,60.96752166748047,43.08930080841666,103.45119738578796,61.3375728726387,76.70506662130356
647,27,23,55.96848678588867,43.08930080841666,94.74114525318146,64.55765268206596,64.31464970111847
648,28,0,49.32249069213867,37.13403659316667,92.00310230255128,78.3378998041153,77.500812292099
649,28,1,51.06261444091797,37.13403659316667,90.5486627817154,65.67484378814697,73.58163547515869
650,28,2,53.10253143310547,37.13403659316667,96.11742293834686,84.79178041219711,83.69836658239365
651,28,3,57.006874084472656,37.13403659316667,72.58300054073334,86.70708334445953,78.95267045497894
652,28,4,53.38850021362305,37.13403659316667,114.3413997888565,116.58933264017104,103.08034580945969
653,28,5,84.50872802734375,37.13403659316667,123.54236769676208,95.5645067691803,78.01531744003296
654,28,6,69.86494445800781,37.13403659316667,105.5515918135643,101.99979445338248,98.58328542113304
655,28,7,82.41285705566406,37.13403659316667,86.96763336658478,83.89249777793884,76.6243836581707
656,28,8,74.09403228759766,37.13403659316667,82.24458396434784,63.829779624938965,69.96881198883057
657,28,9,72.71541595458984,37.13403659316667,32.557170271873474,9.008302092552183,4.384672164916992
658,28,10,71.1778335571289,37.13403659316667,19.085373759269714,1.9139156937599184,-0.727850079536438
659,28,11,55.23412704467773,37.13403659316667,-55.583847761154175,-96.3725048303604,-73.39701545238495
660,28,12,53.717769622802734,37.13403659316667,-38.91158449649811,-43.72553312778473,-58.16311144828797
661,28,13,53.63703918457031,37.13403659316667,-86.9883793592453,-88.62299346923828,-80.00819671154022
662,28,14,35.097877502441406,37.13403659316667,-69.42649382352829,-60.28444463014603,-73.34831428527832
663,28,15,38.64165115356445,37.13403659316667,-2.94757142663002,18.695427656173703,26.751341372728348
664,28,16,38.65975189208984,37.13403659316667,50.779414385557175,64.48489478230476,58.00975358486176
665,28,17,46.24468231201172,37.13403659316667,62.46060580015183,69.94649946689606,64.23984169960022
666,28,18,47.40048599243164,37.13403659316667,54.98624324798584,72.58533787727356,64.7012147307396
667,28,19,56.29688262939453,37.13403659316667,99.00732785463332,77.02078711986542,82.13027143478394
668,28,20,59.65493774414063,37.13403659316667,85.94125092029572,60.60665446519852,63.691685169935226
669,28,21,52.94741439819336,37.13403659316667,91.1300324201584,54.92697876691818,70.81138497591019
670,28,22,43.98088455200195,37.13403659316667,69.1359566450119,30.88321626186371,42.3020658493042
