hour,day,hour_of_day,baseline_load,plotted_target_load,rllib_independent_ppo,rllib_sac,mappo_standard,grouped_mappo
0,1,0,89.44082641601562,56.264562810600005,111.48798513412476,84.41061663627625,125.81180000305176,118.04727125167848
1,1,1,83.0643081665039,56.264562810600005,104.11958718299866,79.91382038593292,67.66537618637085,103.3316468000412
2,1,2,78.60828399658203,56.264562810600005,106.2259203195572,84.32923650741577,114.39439868927002,107.59060728549956
3,1,3,83.07950592041016,56.264562810600005,99.44438087940216,83.9625586271286,91.71913695335388,111.4018008708954
4,1,4,82.75498962402344,56.264562810600005,112.91524767875671,95.79000282287598,120.3695604801178,115.15927529335022
5,1,5,94.54297637939452,56.264562810600005,120.21195363998412,113.56007862091064,173.02863359451294,143.71317422389984
6,1,6,112.32801055908205,56.264562810600005,128.65632593631744,114.52344214916228,166.78453946113586,116.57564628124236
7,1,7,113.23038482666016,56.264562810600005,94.77075171470642,92.43629837036131,124.42212611436844,115.43495655059814
8,1,8,113.15670013427734,56.264562810600005,53.34685957431793,44.95688170194626,40.5388046503067,73.22625279426575
9,1,9,95.74092864990234,56.264562810600005,42.39508378505707,38.11858105659485,65.90339231491089,35.72374999523163
10,1,10,95.99382781982422,56.264562810600005,-17.437722206115723,-21.72780740261078,-1.4680873155593872,-33.76877808570862
11,1,11,86.68492126464844,56.264562810600005,-6.884961128234863,-11.584175944328308,20.366379499435425,-12.324953079223633
12,1,12,87.78263854980469,56.264562810600005,-24.411000609397888,-28.95411622524261,-14.071122169494627,-43.69653856754303
13,1,13,76.26077270507812,56.264562810600005,-33.17923724651337,-38.15460002422333,-31.941623270511627,-46.02437102794647
14,1,14,70.68318939208984,56.264562810600005,17.39628228545189,32.4554009437561,-5.519207954406738,27.357803225517277
15,1,15,75.1654281616211,56.264562810600005,71.0236536860466,87.78579157590866,42.515991538763046,78.75181341171265
16,1,16,87.12435150146484,56.264562810600005,110.92179548740388,118.12093675136566,99.96473610401154,129.0804557800293
17,1,17,88.8856430053711,56.264562810600005,105.04573392868042,113.68063187599182,146.65483331680298,97.82169556617735
18,1,18,86.67597198486328,56.264562810600005,117.92776036262512,120.04400193691254,159.9849853515625,111.26845860481262
19,1,19,90.84392547607422,56.264562810600005,114.46583265066148,123.12134063243866,163.4680380821228,90.9912005662918
20,1,20,90.4406509399414,56.264562810600005,123.62212872505188,126.65177285671234,140.55503869056702,121.27402460575104
21,1,21,88.04367065429688,56.264562810600005,114.89383792877196,129.23622500896454,138.65310645103455,111.43015205860138
22,1,22,75.01090240478516,56.264562810600005,126.81964313983916,137.2086000442505,145.21056067943573,118.97637057304382
23,1,23,88.46766662597656,56.264562810600005,135.74019694328308,136.41454422473907,146.91824650764465,104.92465329170228
24,2,0,93.01626586914062,103.26987717391668,152.96526980400083,145.20002019405365,162.17291140556335,151.3319262266159
25,2,1,111.0084228515625,103.26987717391668,157.90826678276062,142.31944572925568,163.9702603816986,139.48159909248352
26,2,2,109.23451232910156,103.26987717391668,162.7120864391327,151.18241155147552,163.56281566619873,172.81249117851257
27,2,3,125.17160034179688,103.26987717391668,183.30078077316284,162.80738258361816,173.30985832214355,202.58630657196045
28,2,4,139.11488342285156,103.26987717391668,198.4652888774872,174.19611537456512,195.72168135643005,200.5778701305389
29,2,5,160.20606994628906,103.26987717391668,224.37729144096372,192.2990634441376,234.32498502731323,227.73584294319156
30,2,6,191.719970703125,103.26987717391668,217.295716047287,184.517614364624,225.16704535484317,238.92516899108887
31,2,7,192.1754302978516,103.26987717391668,175.67343616485596,141.3665030002594,180.2318767607212,190.0242056846619
32,2,8,187.8960723876953,103.26987717391668,129.6414783000946,97.6518816947937,140.60366368293762,164.93485569953918
33,2,9,198.0422821044922,103.26987717391668,114.26773643493652,80.34426641464233,72.25317430496216,130.54099082946777
34,2,10,202.27044677734372,103.26987717391668,74.50309705734253,44.175955414772034,46.92001867294312,95.63496851921082
35,2,11,199.45538330078125,103.26987717391668,50.137603521347046,11.633363842964172,5.681893825531006,56.724605560302734
36,2,12,174.63572692871094,103.26987717391668,36.26658487319946,4.173558235168457,67.29721474647522,22.15881586074829
37,2,13,171.51718139648438,103.26987717391668,58.81138968467712,28.292317032814022,32.862192153930664,53.20025324821472
38,2,14,164.59356689453125,103.26987717391668,106.90592610836028,70.48558175563812,160.39393091201782,89.31172943115234
39,2,15,159.27484130859375,103.26987717391668,186.0927083492279,136.04521489143372,203.29863542318344,181.37797796726227
40,2,16,192.863525390625,103.26987717391668,204.5565633773804,154.70147597789764,231.28632974624637,192.79962837696075
41,2,17,193.32672119140625,103.26987717391668,216.61926794052124,156.19374918937683,223.3897488117218,184.7422466278076
42,2,18,199.3632049560547,103.26987717391668,227.8973767757416,171.03278827667236,235.66550588607788,204.3958569765091
43,2,19,210.6775054931641,103.26987717391668,256.3214523792267,197.37849628925323,255.19356036186215,221.81488347053528
44,2,20,245.0757598876953,103.26987717391668,222.0363067984581,167.66826903820038,238.8969295024872,202.9350215792656
45,2,21,202.97161865234372,103.26987717391668,231.8116216659546,172.64623725414276,262.23989748954773,209.70676803588867
46,2,22,206.70538330078125,103.26987717391668,222.57748007774356,159.92540371418,247.4611313343048,222.87033128738403
47,2,23,189.5101776123047,103.26987717391668,226.6374592781067,161.12457072734833,248.525465965271,218.40201330184937
48,3,0,194.20797729492188,121.463727324625,231.3239164352417,166.73993182182312,252.47092509269717,232.75278425216675
49,3,1,195.23370361328125,121.463727324625,230.84219694137573,162.5931499004364,256.4352686405182,250.21598172187805
50,3,2,203.08139038085935,121.463727324625,234.359384059906,165.31033742427826,230.6240622997284,235.5149130821228
51,3,3,209.06427001953125,121.463727324625,234.0530891418457,161.50485253334045,234.65305709838867,243.332866191864
52,3,4,212.8380584716797,121.463727324625,237.7273097038269,167.86613762378693,252.472104549408,247.330094575882
53,3,5,221.72705078125,121.463727324625,239.16546297073364,168.20091223716736,231.715265750885,257.0246276855469
54,3,6,230.3590240478516,121.463727324625,245.0900273323059,177.46250212192535,299.36887311935425,249.05758237838745
55,3,7,242.30889892578125,121.463727324625,249.2200222015381,178.14515256881714,257.6974510550499,256.6344094276428
56,3,8,253.93865966796875,121.463727324625,236.6039843559265,181.3379236459732,274.137586593628,219.44113194942477
57,3,9,263.4026794433594,121.463727324625,128.63662457466123,85.46104097366333,137.0090936422348,125.11403155326845
58,3,10,207.1092834472656,121.463727324625,75.78695225715637,36.87969517707825,72.95414233207703,96.73806357383728
59,3,11,174.13238525390625,121.463727324625,45.87698531150818,10.211564540863035,22.970361948013306,41.046950340271
60,3,12,171.17733764648438,121.463727324625,40.73112070560455,24.475675582885746,65.67740428447723,40.65945184230805
61,3,13,149.13516235351562,121.463727324625,43.39776527881622,20.972991347312927,75.50397336483002,53.43769419193268
62,3,14,136.5680389404297,121.463727324625,78.51922190189362,57.45367980003357,84.31784039735794,79.06603860855103
63,3,15,132.8927459716797,121.463727324625,123.33266687393188,98.37504613399506,143.63479509949684,126.4315345287323
64,3,16,136.6708984375,121.463727324625,166.6406307220459,129.83649909496307,163.0965075492859,150.25914919376373
65,3,17,154.109375,121.463727324625,167.81129956245422,125.57828831672668,135.4664707183838,153.38518637418747
66,3,18,145.22459411621094,121.463727324625,171.16855359077454,127.61685180664062,149.46982526779175,151.61074042320251
67,3,19,147.2263641357422,121.463727324625,167.97378027439115,125.9426884651184,180.35941982269287,139.63196766376495
68,3,20,142.48736572265625,121.463727324625,162.9883692264557,123.60334289073944,210.92385172843933,142.5528280735016
69,3,21,134.16885375976562,121.463727324625,159.1475305557251,127.39601218700408,216.9261989593506,127.5165948867798
70,3,22,127.82412719726562,121.463727324625,151.85163116455078,116.25851035118104,184.84524166584012,140.8404789865017
71,3,23,116.21395111083984,121.463727324625,148.91317200660706,110.42104840278624,167.48396944999695,150.34164416790009
72,4,0,117.5577163696289,72.06773195127501,146.59114408493042,107.7264815568924,173.4442973136902,144.998251080513
73,4,1,115.8204574584961,72.06773195127501,145.57175278663635,112.39898943901062,145.20959782600403,144.65699636936188
74,4,2,116.86923217773438,72.06773195127501,143.54088163375854,108.61884582042694,160.70595383644104,136.2439822256565
75,4,3,108.60031127929688,72.06773195127501,139.62855648994446,110.90441691875458,154.20466876029968,124.04524970054626
76,4,4,110.2877960205078,72.06773195127501,140.05053210258484,108.33621287345886,127.73574137687685,131.0278022289276
77,4,5,115.12201690673828,72.06773195127501,133.51668643951416,105.72796607017516,139.44993042945862,124.07950472831726
78,4,6,109.3507843017578,72.06773195127501,135.93540155887604,115.64659547805786,141.15123343467712,135.9577190876007
79,4,7,127.7734832763672,72.06773195127501,121.71254897117616,104.00723898410796,125.26549124717712,121.2752242088318
80,4,8,137.87632751464844,72.06773195127501,107.54377460479736,86.57918131351471,118.1590273976326,93.43928492069244
81,4,9,134.03317260742188,72.06773195127501,126.3772132396698,103.71874678134918,135.47069483995438,136.1139938235283
82,4,10,136.14060974121094,72.06773195127501,87.71484005451202,67.02888303995132,113.53213280439375,84.89045453071594
83,4,11,122.11457824707033,72.06773195127501,57.18181324005127,40.72072088718414,66.82683646678925,42.97854769229889
84,4,12,115.9861068725586,72.06773195127501,65.80153357982635,50.11319100856781,63.73993945121765,50.58625340461731
85,4,13,118.62601470947266,72.06773195127501,90.41023969650269,73.63545209169388,83.22624278068542,64.31718158721924
86,4,14,105.59001159667967,72.06773195127501,104.52170097827911,83.94854247570038,91.71834430098534,100.6360676586628
87,4,15,104.8681869506836,72.06773195127501,111.02424478530884,93.53880620002748,101.69311419129372,99.8878093957901
88,4,16,103.2063217163086,72.06773195127501,128.3174374103546,111.0779641866684,146.05071306228638,134.61141872406006
89,4,17,115.14481353759766,72.06773195127501,131.0947945713997,117.65827000141144,139.41546714305878,128.7983559370041
90,4,18,114.84647369384766,72.06773195127501,122.25772881507874,108.2443608045578,124.25948870182036,98.07040452957152
91,4,19,101.98619079589844,72.06773195127501,129.86610388755798,115.2225296497345,141.91795420646667,109.61443382501602
92,4,20,108.47998046875,72.06773195127501,143.87064933776855,130.31437754631042,159.0389313697815,116.57520604133606
93,4,21,114.96304321289062,72.06773195127501,119.19480633735655,127.1454029083252,152.9238350391388,124.57204675674438
94,4,22,99.85574340820312,72.06773195127501,107.4661158323288,119.44293451309204,125.89694213867188,90.49974286556244
95,4,23,81.1248779296875,72.06773195127501,110.15129494667052,118.13796257972716,126.32364630699158,105.05972695350648
96,5,0,78.17172241210938,71.26784696154166,112.5641791820526,116.81568348407744,122.64234638214111,101.43584489822388
97,5,1,79.4224853515625,71.26784696154166,117.18220508098602,121.03935134410858,120.30188179016112,116.43167674541472
98,5,2,80.14398956298828,71.26784696154166,128.2499498128891,132.30811941623688,128.82603287696838,124.36950516700745
99,5,3,83.44194030761719,71.26784696154166,142.16123986244202,154.35462474822998,152.58040499687195,155.79209446907043
100,5,4,100.53376770019533,71.26784696154166,134.7948099374771,147.16240799427032,134.68312680721283,156.05944919586182
101,5,5,92.37097930908205,71.26784696154166,151.64294147491455,159.94863843917847,163.40538656711578,165.20109844207764
102,5,6,120.0402374267578,71.26784696154166,161.86122798919678,166.6487671136856,166.78540182113647,172.75057578086853
103,5,7,149.93431091308594,71.26784696154166,128.75331664085388,128.8848022222519,134.30205595493317,137.85207387804985
104,5,8,154.61605834960938,71.26784696154166,103.26804864406586,95.34961807727814,79.05710172653198,114.26565253734589
105,5,9,157.67286682128906,71.26784696154166,39.16113924980164,38.52404832839966,47.50390827655792,40.214348793029785
106,5,10,151.58506774902344,71.26784696154166,2.1626038551330566,5.764888286590576,-23.871842861175537,17.173133373260498
107,5,11,139.9095458984375,71.26784696154166,-13.838008046150208,-20.82005548477173,-64.56936526298523,-15.411549091339111
108,5,12,129.51828002929688,71.26784696154166,-11.072516202926636,-15.8771812915802,-73.20362114906311,-18.61833906173706
109,5,13,128.98028564453125,71.26784696154166,-1.6799360513687134,-4.197444438934326,4.113250494003296,-8.192893028259277
110,5,14,128.3931427001953,71.26784696154166,49.4580397605896,39.78677099943161,17.208128213882446,41.09851956367493
111,5,15,131.8480682373047,71.26784696154166,98.88802337646484,87.79890370368958,115.43727988004684,81.51692682504654
112,5,16,121.1309051513672,71.26784696154166,162.34527111053467,133.49671459197998,151.0244550704956,146.44120109081268
113,5,17,144.03631591796875,71.26784696154166,176.28849744796753,130.06272649765015,197.03747868537903,151.28507548570633
114,5,18,152.67051696777344,71.26784696154166,186.34121179580688,137.74011659622192,158.03079175949097,141.74221467971802
115,5,19,162.7741241455078,71.26784696154166,187.09380435943604,138.3514904975891,202.50637340545651,170.70071083307266
116,5,20,169.89967346191406,71.26784696154166,200.87463855743408,153.10413002967834,237.48840522766116,183.93399810791016
117,5,21,180.68698120117188,71.26784696154166,202.2180066108704,155.8422476053238,218.338783621788,210.52317881584167
118,5,22,180.05746459960938,71.26784696154166,189.690434217453,141.24730050563812,214.29180765151975,163.8692934513092
119,5,23,157.05416870117188,71.26784696154166,197.513457775116,148.7963091135025,208.71593403816223,199.04546308517456
120,6,0,158.07778930664062,80.61506569283334,181.01202511787412,133.86058735847473,174.65468335151672,162.41295266151428
121,6,1,144.13592529296875,80.61506569283334,176.28128719329834,141.4401295185089,188.5893290042877,162.563551902771
122,6,2,141.480224609375,80.61506569283334,179.9443690776825,148.73625457286835,190.8856874704361,175.7029664516449
123,6,3,155.74423217773438,80.61506569283334,173.6691756248474,154.83466398715973,187.31796598434448,209.6958713531494
124,6,4,153.13185119628906,80.61506569283334,183.1823420524597,157.38833785057068,182.73734259605408,189.214599609375
125,6,5,162.6243896484375,80.61506569283334,187.8567018508911,159.320415019989,196.9957537651062,222.94114303588867
126,6,6,168.98666381835938,80.61506569283334,189.25657844543457,159.81639111042023,197.7817747592926,176.99048221111298
127,6,7,176.8641815185547,80.61506569283334,129.83633685112,117.30373013019562,151.51026117801666,170.0725532770157
128,6,8,158.0970001220703,80.61506569283334,92.64912188053133,67.58644831180573,93.22284972667694,53.70808851718903
129,6,9,153.86895751953125,80.61506569283334,51.94762539863586,48.767364501953125,74.56808090209961,84.36190831661224
130,6,10,136.30743408203125,80.61506569283334,32.33111298084259,15.978923916816711,15.433850765228271,-9.76538348197937
131,6,11,127.56554412841795,80.61506569283334,22.689626574516296,10.252796411514282,-8.335613131523132,20.45492684841156
132,6,12,116.27396392822266,80.61506569283334,6.069472908973694,-8.680306792259216,25.1526597738266,-4.984482526779175
133,6,13,113.38762664794922,80.61506569283334,46.88531053066254,46.96363425254822,-9.789666056632996,57.98912715911865
134,6,14,99.06981658935548,80.61506569283334,62.5354346036911,40.4094911813736,90.8304545879364,54.04550155997276
135,6,15,107.7353515625,80.61506569283334,115.71063423156738,111.64916640520096,79.24290242791176,112.0856237411499
136,6,16,122.45207214355467,80.61506569283334,145.00749135017395,121.27853059768675,147.2954894900322,126.39967083930968
137,6,17,115.14341735839844,80.61506569283334,155.68519115447998,132.99896347522736,168.89579343795776,137.7800143957138
138,6,18,129.88645935058594,80.61506569283334,156.94028520584106,128.21952211856842,125.54813766479492,122.79827618598938
139,6,19,124.01764678955078,80.61506569283334,157.14318180084229,131.79677534103394,178.14146447181702,126.30940508842468
140,6,20,131.8513641357422,80.61506569283334,172.60779333114624,139.63945627212524,183.7184805870056,139.1180579662323
141,6,21,136.33230590820312,80.61506569283334,182.52432346343997,148.94304060935974,201.1688311100006,166.6243000626564
142,6,22,139.46896362304688,80.61506569283334,169.8820550441742,132.70171236991882,164.43346333503723,140.67219424247742
143,6,23,136.6112060546875,80.61506569283334,181.32610058784485,129.77135860919952,196.16613841056824,177.84200143814087
144,7,0,139.88299560546875,106.18141793066668,191.70827198028564,135.74365949630737,211.2283034324646,155.6389712691307
145,7,1,150.8599395751953,106.18141793066668,195.44368195533752,136.18351650238037,210.59226322174072,180.32874059677124
146,7,2,152.77090454101562,106.18141793066668,194.80961441993716,134.42153537273407,210.3856410980225,160.49489563703537
147,7,3,160.09622192382812,106.18141793066668,198.14661026000977,134.9409168958664,200.30394387245175,177.5547068119049
148,7,4,167.9008026123047,106.18141793066668,204.92423152923584,142.78961551189423,205.63014125823972,182.59168314933777
149,7,5,175.3134002685547,106.18141793066668,210.451509475708,154.47864866256714,204.9436159133911,196.30193758010864
150,7,6,192.95782470703125,106.18141793066668,214.56695652008057,158.35366940498352,203.94092655181885,192.06727504730225
151,7,7,192.94113159179688,106.18141793066668,185.48352527618408,141.19934856891632,230.13532996177676,195.73188418149948
152,7,8,178.00241088867188,106.18141793066668,184.24245882034305,135.51075160503387,181.1272168159485,157.30033391714096
153,7,9,180.03475952148438,106.18141793066668,160.12940680980682,117.43934172391891,176.52563852071762,173.8909513950348
154,7,10,175.01388549804688,106.18141793066668,138.14665961265564,93.55100536346436,156.8539538383484,123.21881854534148
155,7,11,153.18109130859375,106.18141793066668,140.9626100063324,93.2501648068428,139.14065945148468,115.76334398984908
156,7,12,154.5482635498047,106.18141793066668,123.6951025724411,81.10712432861328,118.59736692905426,120.11257803440094
157,7,13,135.68231201171875,106.18141793066668,134.53564929962158,92.62486273050308,132.51250380277634,121.35737890005112
158,7,14,133.771728515625,106.18141793066668,150.04165482521057,111.62890458106996,130.81134366989136,172.09739309549332
159,7,15,137.4683380126953,106.18141793066668,155.9587265253067,118.5234433412552,139.8077780008316,157.7913622185588
160,7,16,137.81353759765625,106.18141793066668,164.293315410614,128.389772772789,150.2798912525177,149.19930922985077
161,7,17,142.29466247558594,106.18141793066668,172.2698130607605,138.8825662136078,169.7639355659485,142.4121229350567
162,7,18,145.57952880859375,106.18141793066668,162.8006455898285,134.43595457077026,155.03221344947815,136.81507897377014
163,7,19,142.75799560546875,106.18141793066668,181.94002103805545,154.19714522361755,200.1497223377228,155.95130395889282
164,7,20,165.6304168701172,106.18141793066668,186.53132140636444,160.42144083976746,199.5886297225952,168.4277946949005
165,7,21,167.166259765625,106.18141793066668,194.63893032073972,162.4311168193817,193.2460262775421,185.1292049884796
166,7,22,165.04071044921875,106.18141793066668,180.1065833568573,144.89400148391724,178.18725681304932,175.11796069145203
167,7,23,149.84689331054688,106.18141793066668,183.73037576675412,145.41433143615723,196.5182852745056,170.151709318161
168,8,0,142.1890106201172,92.26443310588331,187.00383496284485,143.4491741657257,195.6286692619324,181.8779957294464
169,8,1,139.93360900878906,92.26443310588331,188.02798199653623,147.4897882938385,187.49106812477112,192.4692416191101
170,8,2,135.25437927246094,92.26443310588331,182.8682465553284,155.76589715480804,204.23521780967712,203.65007400512692
171,8,3,140.20326232910156,92.26443310588331,186.10566806793213,154.27376472949982,187.8678133487701,212.1923124790192
172,8,4,148.71861267089844,92.26443310588331,203.2743134498596,167.99550008773804,198.2251739501953,251.1993625164032
173,8,5,170.20108032226562,92.26443310588331,203.3988127708435,167.9140772819519,203.7881886959076,197.23090249300003
174,8,6,175.5980682373047,92.26443310588331,210.9353232383728,173.4435932636261,209.0594551563263,221.5176432132721
175,8,7,188.0489196777344,92.26443310588331,171.06506502628326,136.06325161457062,190.3018889427185,171.8945927619934
176,8,8,179.358154296875,92.26443310588331,118.53482341766356,105.48797953128816,124.24376380443572,148.37316024303436
177,8,9,161.26690673828125,92.26443310588331,73.65266382694244,56.276618242263794,81.8526885509491,92.07762455940248
178,8,10,150.1875762939453,92.26443310588331,16.150038719177246,-3.5861979722976685,-10.44423222541809,35.989060163497925
179,8,11,129.63169860839844,92.26443310588331,17.66264498233795,10.32753610610962,-26.34922182559967,-3.77925705909729
180,8,12,134.81529235839844,92.26443310588331,4.3013787269592285,-0.5743803977966309,21.736931562423703,8.198073506355286
181,8,13,113.92491149902344,92.26443310588331,6.409496784210205,-3.4698452949523926,-19.712273836135864,-19.5077406167984
182,8,14,105.67442321777344,92.26443310588331,45.54715263843536,41.85063517093658,66.89583683013916,53.91532444953919
183,8,15,108.75962829589844,92.26443310588331,118.32320058345796,105.48151552677156,95.13704954087734,106.34586489200592
184,8,16,126.64865112304688,92.26443310588331,162.71144580841064,136.6088868379593,153.92099726200104,181.29610443115237
185,8,17,143.97845458984375,92.26443310588331,196.57363748550412,152.18217372894287,176.34514486789703,164.26212334632874
186,8,18,168.5128173828125,92.26443310588331,180.2930493354797,135.6381494998932,174.610715508461,155.00330710411072
187,8,19,153.3239288330078,92.26443310588331,223.79540467262268,179.29818749427795,242.7043130397797,180.95686054229736
188,8,20,195.030029296875,92.26443310588331,213.0814778804779,168.52939891815186,231.6707468032837,201.24100828170776
189,8,21,186.54673767089844,92.26443310588331,198.86307644844052,147.64501321315765,192.36469113826752,179.85052347183228
190,8,22,160.80062866210938,92.26443310588331,188.3755707740784,138.41452312469482,235.31146955490112,172.18505549430847
191,8,23,145.28880310058594,92.26443310588331,175.80796790122986,128.38699972629547,201.89496660232544,158.01811170578003
192,9,0,135.0784454345703,88.72331906716666,177.05846095085144,135.0382354259491,170.61379981040955,157.1422609090805
193,9,1,132.4397735595703,88.72331906716666,173.73165559768677,135.65485215187073,158.63986158370972,170.47118020057678
194,9,2,133.08790588378906,88.72331906716666,182.13400983810425,144.64583480358124,185.76388359069824,197.63609051704407
195,9,3,148.6800994873047,88.72331906716666,191.16371655464167,142.76820623874664,165.21179258823395,205.49990558624268
196,9,4,153.17068481445312,88.72331906716666,202.2858309745789,153.34938299655914,190.24441850185397,196.45302319526672
197,9,5,174.52694702148438,88.72331906716666,188.20758438110352,136.19261074066162,174.34058713912964,184.5383870601654
198,9,6,172.4080810546875,88.72331906716666,192.701358795166,148.2365107536316,198.53995180130005,194.812922000885
199,9,7,180.24871826171875,88.72331906716666,181.4408595561981,139.2818567752838,166.36721962690353,207.16183233261108
200,9,8,190.7701873779297,88.72331906716666,137.54369521141052,98.9919353723526,141.95411264896393,125.67683506011964
201,9,9,165.40708923339844,88.72331906716666,106.37180733680724,74.1277368068695,96.4963001012802,126.31216061115263
202,9,10,159.5432586669922,88.72331906716666,70.32714188098907,39.672311663627625,83.34208106994629,43.89649975299835
203,9,11,149.3296356201172,88.72331906716666,26.609936237335205,-6.648603558540344,4.603996753692627,33.12015986442566
204,9,12,130.61737060546875,88.72331906716666,10.824679613113403,-9.608817458152773,3.1707009077072144,-6.793901920318604
205,9,13,115.92980194091795,88.72331906716666,30.88926100730896,11.270190119743347,17.642178654670715,23.89419138431549
206,9,14,116.64804077148438,88.72331906716666,66.55325472354889,45.53530949354172,93.80303871631622,57.08051085472107
207,9,15,126.0718002319336,88.72331906716666,108.32433462142944,86.05166238546371,107.08091735839844,106.35165762901306
208,9,16,126.70282745361328,88.72331906716666,148.23899674415588,118.96213757991792,140.6301091611385,121.9909284710884
209,9,17,134.64956665039062,88.72331906716666,167.87771201133728,129.1295964717865,141.48001098632812,149.75101351737976
210,9,18,148.08497619628906,88.72331906716666,166.51186752319336,129.22622883319855,168.0726878643036,156.63486659526825
211,9,19,151.04530334472656,88.72331906716666,174.44939064979553,134.7621772289276,194.9803984165192,150.76570856571198
212,9,20,152.98170471191406,88.72331906716666,164.76204681396484,128.12339055538175,212.74421215057373,154.66061532497406
213,9,21,141.37355041503906,88.72331906716666,158.45462203025818,119.40131092071532,195.7745020389557,136.8337062895298
214,9,22,128.45135498046875,88.72331906716666,152.603431224823,113.24202942848206,186.9800560474396,123.03717130422592
215,9,23,112.77757263183594,88.72331906716666,146.46730375289917,105.8541704416275,188.54067707061768,119.78922417759895
216,10,0,106.42488098144533,73.654282278,149.6734733581543,111.43908929824828,188.55714344978333,147.31315767765045
217,10,1,107.94651794433594,73.654282278,139.5453188419342,107.09854590892792,160.07590293884277,132.25677955150604
218,10,2,98.59461212158205,73.654282278,131.92576456069946,106.75342631340028,146.80273389816284,123.5266452729702
219,10,3,95.38550567626952,73.654282278,128.9658980369568,107.60233771800996,144.30865955352783,107.29874074459076
220,10,4,97.76524353027344,73.654282278,126.58838963508606,106.77379548549652,145.31081533432007,120.2641054391861
221,10,5,95.59867095947266,73.654282278,120.91975510120392,107.38974285125732,135.91687202453613,113.71610575914384
222,10,6,103.54317474365234,73.654282278,117.5360894203186,105.6030935049057,120.50751439481974,138.46314001083374
223,10,7,112.14601135253906,73.654282278,109.42761468887328,102.49412453174592,129.94137454032898,106.34578037261964
224,10,8,113.5704345703125,73.654282278,124.4939421415329,120.3216633796692,133.72039127349854,142.32757556438446
225,10,9,124.98796081542967,73.654282278,95.4059870839119,98.43450236320496,120.3416717350483,81.4022034406662
226,10,10,106.65741729736328,73.654282278,97.18852576613426,89.00764352083206,129.87391996383667,102.56402099132538
227,10,11,103.03411865234376,73.654282278,85.62459969520569,82.01396304368973,113.0195084810257,72.28944480419159
228,10,12,91.97396850585938,73.654282278,77.16702696681023,75.53289467096329,91.45871031284332,87.21334430575371
229,10,13,82.91075134277344,73.654282278,81.12775564193726,76.03139233589172,89.8686950802803,70.98965936899185
230,10,14,89.12312316894531,73.654282278,85.15630656480789,72.11013269424438,89.91631805896759,91.27467757463457
231,10,15,103.51242065429688,73.654282278,117.74729466438292,96.09887683391572,111.44686785340308,95.89929714798927
232,10,16,106.95787811279295,73.654282278,142.25551235675812,113.612353682518,136.97620725631714,126.36497962474824
233,10,17,123.30328369140624,73.654282278,149.01644492149353,118.3939130306244,106.04769897460938,149.20052433013916
234,10,18,127.27462768554688,73.654282278,162.90254473686218,127.90721654891968,134.73198914527893,144.98204839229584
235,10,19,136.42791748046875,73.654282278,164.27840113639832,132.0466103553772,154.02638006210327,149.99433398246765
236,10,20,138.4094696044922,73.654282278,175.93273210525513,141.48497939109802,162.61779153347015,182.08654510974884
237,10,21,148.08236694335938,73.654282278,151.99453711509705,118.78134322166444,157.18157029151917,139.04729735851288
238,10,22,125.390625,73.654282278,151.43631052970886,116.78385818004608,152.67414927482605,138.63102397322655
239,10,23,120.31954193115234,73.654282278,156.95151352882385,112.52647888660432,178.52266454696655,152.3430938720703
240,11,0,117.93577575683594,76.35465082491667,157.04290127754211,112.60524201393127,175.77793538570404,144.79434192180634
241,11,1,114.83834075927734,76.35465082491667,157.4489619731903,113.91528749465942,166.43236374855042,142.63225850462914
242,11,2,115.71158599853516,76.35465082491667,157.0777895450592,111.69249212741852,144.087632894516,142.70058345794678
243,11,3,115.96128845214844,76.35465082491667,157.72965693473816,111.6248095035553,158.20402717590332,141.45403915643692
244,11,4,116.0054931640625,76.35465082491667,168.90402841567993,125.89655792713164,137.87485361099243,158.154545545578
245,11,5,128.3731689453125,76.35465082491667,159.62459230422974,117.86571300029756,153.55424237251282,140.07049679756165
246,11,6,129.89291381835938,76.35465082491667,169.38920187950134,128.79556441307068,153.5143147110939,144.66451787948608
247,11,7,150.28079223632812,76.35465082491667,165.62337791919708,129.3293937444687,166.10648861527443,176.05334651470184
248,11,8,153.50563049316406,76.35465082491667,135.10648196935654,96.92684954404832,160.79593592882156,112.56102299690248
249,11,9,137.64222717285156,76.35465082491667,131.06781208515167,93.67135268449783,145.26380860805511,130.78543651103973
250,11,10,150.5970001220703,76.35465082491667,118.40047955513,82.91868722438812,142.07096576690674,102.68407785892488
251,11,11,142.9279022216797,76.35465082491667,104.26177442073822,71.80826485157013,118.0779219865799,103.97638994455338
252,11,12,129.72557067871094,76.35465082491667,81.67720729112625,55.15147924423218,101.38312709331512,63.652071714401245
253,11,13,115.06820678710938,76.35465082491667,92.78799629211426,65.97577166557312,118.18762427568436,97.16977590322496
254,11,14,108.52713775634766,76.35465082491667,108.23338294029236,83.13042122125626,128.37150919437408,105.30508488416672
255,11,15,106.6511459350586,76.35465082491667,107.9540719985962,90.43333411216736,113.37733387947084,115.9859064221382
256,11,16,102.60472869873048,76.35465082491667,116.40154552459715,96.09573781490326,124.31756162643433,121.79578185081482
257,11,17,98.16779327392578,76.35465082491667,132.15011429786682,117.73608100414276,133.0242235660553,123.3785718679428
258,11,18,118.62969207763672,76.35465082491667,118.16660571098328,108.7964050769806,124.46882152557372,106.84782457351685
259,11,19,104.80398559570312,76.35465082491667,115.80451965332033,103.8064020872116,128.50798344612122,98.92600899934769
260,11,20,93.51065826416016,76.35465082491667,105.0844942331314,99.6589766740799,120.74692976474762,87.53410816192627
261,11,21,82.500244140625,76.35465082491667,104.66210389137268,111.4535905122757,117.40766608715056,90.35362374782562
262,11,22,82.16226959228516,76.35465082491667,96.80770790576936,105.98285233974455,108.41707932949066,98.77794659137726
263,11,23,65.94684600830078,76.35465082491667,95.45581424236298,104.25509548187256,83.87067973613739,87.34942507743835
264,12,0,66.2083511352539,52.91160712909283,102.64870488643646,106.93770623207092,92.26800990104675,99.93645453453064
265,12,1,64.080322265625,52.91160712909283,105.00003039836884,111.55419206619264,96.2130628824234,108.79446041584016
266,12,2,67.2132797241211,52.91160712909283,102.6474449634552,116.71372842788696,116.27402329444884,96.94098281860352
267,12,3,77.49108123779297,52.91160712909283,126.903382897377,142.46751284599304,131.5691795349121,140.88972747325897
268,12,4,98.04019927978516,52.91160712909283,134.5660970211029,152.5184783935547,143.4066822528839,141.5329150557518
269,12,5,107.32928466796876,52.91160712909283,146.177237033844,147.66490244865415,157.16957449913025,143.19439673423767
270,12,6,119.7591323852539,52.91160712909283,141.73562014102936,151.43566572666168,164.06453120708466,163.2243605852127
271,12,7,129.53599548339844,52.91160712909283,113.3553848862648,118.81960809230804,112.8642565011978,117.05583050847054
272,12,8,124.7717742919922,52.91160712909283,65.40438425540924,72.9096509218216,79.48459446430206,72.68901324272156
273,12,9,118.2864227294922,52.91160712909283,-7.648978114128113,10.911051988601685,19.306605100631717,-4.122362494468689
274,12,10,102.46354675292967,52.91160712909283,-38.97743773460388,-13.223615169525146,-27.717293977737427,-28.121185779571533
275,12,11,91.0478973388672,52.91160712909283,-56.638418555259705,-46.07705700397492,-60.03858280181885,-68.60601699352264
276,12,12,85.62297821044922,52.91160712909283,-64.96261358261108,-44.5880366563797,-78.63700199127197,-48.575393199920654
277,12,13,75.74429321289062,52.91160712909283,-48.33995985984802,-32.03897511959076,-51.371277809143066,-77.09944438934326
278,12,14,75.05982208251953,52.91160712909283,-15.978623747825624,3.558385252952576,-37.347519874572754,11.400915503501892
279,12,15,70.40097045898438,52.91160712909283,55.41299319267273,67.75925636291504,35.06656610965729,34.514863044023514
280,12,16,87.4733657836914,52.91160712909283,110.18967151641846,107.01587986946106,90.44075763225555,112.73127162456512
281,12,17,91.2275161743164,52.91160712909283,155.73655128479004,126.93058514595032,150.15877187252045,114.20226120948792
282,12,18,126.50743103027344,52.91160712909283,150.00798273086548,124.24144768714903,160.3565547466278,122.81707739830016
283,12,19,122.78023529052734,52.91160712909283,167.85820126533508,141.76787996292114,155.84866547584534,123.95531582832336
284,12,20,135.0780029296875,52.91160712909283,163.50979709625244,147.96137726306915,162.32841801643372,144.8125901222229
285,12,21,138.74691772460938,52.91160712909283,159.58467173576355,138.00331151485443,156.0940384864807,154.268798828125
286,12,22,129.3557586669922,52.91160712909283,155.6481945514679,132.43960857391355,154.2275333404541,146.5249412059784
287,12,23,115.78096771240234,52.91160712909283,160.9965968132019,132.31692612171173,155.54486203193665,139.15970969200134
288,13,0,116.94754791259766,75.70713178958333,170.92395210266113,137.4481097459793,160.79571890830994,156.22599720954895
289,13,1,124.96587371826172,75.70713178958333,178.1660668849945,144.13394939899445,175.70258975028992,187.38678002357483
290,13,2,131.24575805664062,75.70713178958333,182.64384269714355,153.91894257068634,187.21621298789975,210.9679033756256
291,13,3,142.58546447753906,75.70713178958333,191.85718846321103,159.2638120651245,206.84018087387085,213.21233129501343
292,13,4,151.31854248046875,75.70713178958333,199.2492206096649,164.13959443569183,213.91274046897888,221.15139746665955
293,13,5,171.044189453125,75.70713178958333,204.33834028244016,163.78100621700287,218.69313979148865,205.3459002971649
294,13,6,188.7353057861328,75.70713178958333,205.8046083450317,157.14392131567,206.9445552825928,183.06845378875727
295,13,7,194.6629943847656,75.70713178958333,165.04270315170288,124.76453566551208,159.89322352409363,171.42778772115707
296,13,8,185.0341796875,75.70713178958333,89.80544090270996,81.37054252624512,101.1676414012909,112.5661597251892
297,13,9,156.5982666015625,75.70713178958333,40.41970479488373,37.88470661640167,50.46308994293213,66.06038069725037
298,13,10,140.32443237304688,75.70713178958333,-10.102482318878174,-6.213101148605347,-15.835027813911438,-20.518285751342773
299,13,11,125.66991424560548,75.70713178958333,-32.3001720905304,-36.77634584903717,-65.05552935600281,-38.49863982200623
300,13,12,107.1439971923828,75.70713178958333,-18.176260471343998,-14.321778655052183,13.864254474639893,-34.759719252586365
301,13,13,104.987548828125,75.70713178958333,-4.925013065338135,-7.619789004325867,2.2958306074142456,-16.30121099948883
302,13,14,94.84707641601562,75.70713178958333,41.15626978874207,37.99748969078064,56.39205873012543,33.24739372730255
303,13,15,98.11817169189452,75.70713178958333,79.6877977848053,67.82262873649597,97.46365571022034,67.2288926243782
304,13,16,97.44100189208984,75.70713178958333,128.89234924316406,111.22085428237916,136.83561700582504,106.93012285232544
305,13,17,107.3821792602539,75.70713178958333,145.10606265068054,114.5465611219406,121.9507052898407,118.86010837554932
306,13,18,118.46178436279295,75.70713178958333,148.60040378570557,119.94121479988098,114.32548213005066,137.0891044139862
307,13,19,122.83306884765624,75.70713178958333,148.40316820144653,124.82722437381744,118.7595899105072,126.59569931030272
308,13,20,126.46868896484376,75.70713178958333,149.3980016708374,124.53582119941711,157.64560616016388,141.41114139556885
309,13,21,126.70492553710938,75.70713178958333,134.40599179267883,120.14569473266602,170.74990439414978,141.59257769584656
310,13,22,115.33610534667967,75.70713178958333,127.71150064468384,112.81208395957948,159.49604320526123,130.5974600315094
311,13,23,101.85758209228516,75.70713178958333,129.7797713279724,105.26362931728364,139.5065928697586,114.31610441207886
312,14,0,102.2989730834961,52.49715500095834,129.4439206123352,114.3267992734909,145.74895763397217,134.05893969535828
313,14,1,97.00363159179688,52.49715500095834,133.61450695991516,113.77407884597778,133.7200653553009,130.91869115829468
314,14,2,100.34920501708984,52.49715500095834,131.8097996711731,113.26769483089448,122.44284439086914,125.3320848941803
315,14,3,104.38424682617188,52.49715500095834,130.42384338378906,124.96372413635254,165.19962644577026,150.82232874631882
316,14,4,106.08201599121094,52.49715500095834,144.38694977760315,137.12547779083252,168.97896122932434,164.76836323738098
317,14,5,112.7345199584961,52.49715500095834,142.75655102729797,113.86631137132645,130.86735332012177,131.882643699646
318,14,6,119.8216781616211,52.49715500095834,147.53689432144165,145.68416249752045,176.73936820030212,145.33448588848114
319,14,7,138.8494110107422,52.49715500095834,141.31902527809143,130.09479880332947,142.9307757616043,139.15403079986572
320,14,8,132.8922119140625,52.49715500095834,79.47670006752014,69.16880941390991,95.8265300989151,63.37473320960999
321,14,9,129.0340576171875,52.49715500095834,30.80065810680389,29.73654305934906,52.62793684005737,42.18201386928558
322,14,10,122.29415893554688,52.49715500095834,15.27217710018158,15.304945468902588,24.293610095977783,-17.231480479240417
323,14,11,98.44074249267578,52.49715500095834,-61.03659915924072,-62.30338370800018,-49.97161173820496,-87.99820339679718
324,14,12,84.6783218383789,52.49715500095834,-65.25528001785278,-54.08259415626526,-71.223517537117,-72.22521257400513
325,14,13,70.95877075195312,52.49715500095834,-33.99917995929718,-24.0128413438797,-43.70274353027344,-30.156269907951355
326,14,14,78.55008697509766,52.49715500095834,-6.294025301933289,0.4867044687271118,-22.237266182899475,-18.372629404067997
327,14,15,72.41320037841797,52.49715500095834,35.75592613220215,39.05026388168335,33.71244430541992,21.05734062194824
328,14,16,63.28773498535156,52.49715500095834,112.47964477539062,105.9682002067566,85.25865944847465,93.4417974948883
329,14,17,89.46795654296875,52.49715500095834,121.1485584974289,112.4026038646698,117.37817311286926,107.92615354061128
330,14,18,99.7128677368164,52.49715500095834,108.84510219097136,98.11536955833436,97.50190448760986,83.88922584056854
331,14,19,84.91388702392578,52.49715500095834,115.8831467628479,107.55612742900848,121.18687951564787,107.9564723968506
332,14,20,90.87213897705078,52.49715500095834,106.56332457065582,98.24274945259094,97.14157712459564,81.01885414123535
333,14,21,81.95797729492188,52.49715500095834,93.7739610671997,85.58026659488678,119.45526123046876,92.60688823461533
334,14,22,67.54139709472656,52.49715500095834,99.544970870018,86.11011224985123,135.67279434204102,109.57086372375488
335,14,23,66.24932098388672,52.49715500095834,103.93807244300842,82.35700589418411,130.08123886585236,98.90017729997636
336,15,0,60.39925384521485,46.715857215125,99.2634066939354,81.34153008460999,126.47354793548584,85.88658308982849
337,15,1,61.068843841552734,46.715857215125,103.86043751239777,86.58051133155823,108.07110524177553,84.62448465824127
338,15,2,61.73260498046875,46.715857215125,99.9221532344818,90.96972393989564,85.96386098861694,85.53117537498474
339,15,3,63.41401672363281,46.715857215125,106.99049401283264,104.51618349552156,93.578528881073,98.30378031730652
340,15,4,73.4420394897461,46.715857215125,106.36920487880708,96.7314913868904,64.62438905239105,115.22708916664124
341,15,5,72.68695831298828,46.715857215125,105.86148810386658,91.46723902225494,153.8689045906067,125.59557944536208
342,15,6,81.35742950439453,46.715857215125,115.12110053002834,101.44045692682266,124.5363286435604,135.01174330711365
343,15,7,98.28408813476562,46.715857215125,82.84027552604675,74.13924926519394,100.70782351493835,87.61147862672806
344,15,8,82.76566314697266,46.715857215125,64.26987344026566,65.14724987745285,74.3065996170044,68.99663424491882
345,15,9,82.92692565917969,46.715857215125,59.54460579156876,70.15492218732834,73.20761805772781,67.31586170196533
346,15,10,75.91702270507812,46.715857215125,66.90737730264664,72.86582058668137,93.67393499612808,53.746631026268005
347,15,11,83.31989288330078,46.715857215125,53.04166004061699,57.088248670101166,58.2952287197113,50.64530095458031
348,15,12,65.77217102050781,46.715857215125,21.132642835378647,32.30445039272308,55.70768058300018,37.26830303668976
349,15,13,62.06061172485352,46.715857215125,-15.166226148605348,-12.823155760765076,-3.112395167350769,-8.173734068870544
350,15,14,51.62389755249024,46.715857215125,-19.706656396389008,-7.893360793590546,-18.04043155908585,-26.282463908195496
351,15,15,47.51331329345703,46.715857215125,14.429255917668344,36.42414861917496,-11.173047363758087,15.422559380531313
352,15,16,50.62835311889648,46.715857215125,70.95013698935509,90.83346343040466,50.311935149133205,84.8805895447731
353,15,17,65.56291198730469,46.715857215125,89.94147574901581,90.94314992427826,81.78711879253387,84.3026595711708
354,15,18,61.30098724365234,46.715857215125,95.91190433502196,112.93092501163484,107.66625428199768,94.84942746162416
355,15,19,83.94839477539062,46.715857215125,89.36823725700378,95.30116426944733,82.02244156599045,77.49562466144562
356,15,20,66.5700454711914,46.715857215125,89.41714453697205,97.46093893051147,105.95790219306946,66.85376965999603
357,15,21,63.35731506347656,46.715857215125,80.68095362186432,87.45347332954407,101.03592026233672,69.14583659172058
358,15,22,51.04682159423828,46.715857215125,72.17394596338272,78.30253636837006,86.22471153736115,61.146819442510605
359,15,23,49.38359832763672,46.715857215125,92.431793063879,88.25061357021332,107.26132214069366,94.54741215705872
360,16,0,49.17684173583984,50.15172543847916,74.22925278544426,81.99590337276459,86.66542649269104,70.50691574811935
361,16,1,42.44547271728516,50.15172543847916,79.06893634796143,84.26188069581985,87.14557707309723,74.57549440860748
362,16,2,44.20927429199219,50.15172543847916,85.14558494091034,98.05324256420135,79.56318658590317,86.10172617435455
363,16,3,53.1553955078125,50.15172543847916,87.54937756061554,89.30573290586472,82.95287048816681,78.20185816287994
364,16,4,50.4902229309082,50.15172543847916,87.59553718566895,97.06510734558104,91.69324016571044,94.86173737049104
365,16,5,58.61738204956055,50.15172543847916,86.32411742210388,95.10029888153076,87.53156328201294,96.17171084880827
366,16,6,61.07787322998047,50.15172543847916,101.02614387869836,114.67397218942642,112.6922895014286,118.14129219949244
367,16,7,87.47868347167969,50.15172543847916,74.62832146883011,84.26876640319824,79.44219386577606,88.84938287734985
368,16,8,66.76689147949219,50.15172543847916,44.65014272928238,61.27138406038284,62.33956360816956,49.54497683048248
369,16,9,61.223758697509766,50.15172543847916,58.11987727880478,63.24709093570709,69.1323436498642,60.7061380147934
370,16,10,69.43760681152344,50.15172543847916,31.940826416015625,39.38459575176239,71.43673646450043,20.93893325328827
371,16,11,66.7200698852539,50.15172543847916,35.57347059249878,22.34504806995392,54.64702296257019,17.765401601791382
372,16,12,65.62936401367188,50.15172543847916,28.220587015151978,19.390695333480835,28.605643153190613,3.9179145097732544
373,16,13,71.00839233398438,50.15172543847916,12.473963856697084,-4.932430505752564,12.826090574264526,2.3824212551116943
374,16,14,72.00782775878906,50.15172543847916,89.93820822238922,77.4767951965332,69.96625280380249,69.15393528342247
375,16,15,79.37616729736328,50.15172543847916,117.93025171756744,96.41595888137816,138.03007984161377,132.13045102357864
376,16,16,97.36740112304688,50.15172543847916,129.2454273700714,109.44671189785004,115.58334958553314,90.47057574987411
377,16,17,108.5020751953125,50.15172543847916,149.23889899253845,128.8292465209961,148.11756658554077,131.22945654392242
378,16,18,125.44942474365234,50.15172543847916,143.99715280532837,123.17923402786256,124.43550682067873,100.18372809886932
379,16,19,118.01306915283205,50.15172543847916,144.23422050476074,118.92736995220184,129.18427419662476,122.35267651081084
380,16,20,118.24507904052734,50.15172543847916,146.81709551811218,117.10496938228609,134.0462408065796,148.6114717721939
381,16,21,120.76683044433594,50.15172543847916,152.48977613449097,118.7063374519348,135.7617529630661,131.4550967812538
382,16,22,119.84837341308594,50.15172543847916,151.29164457321167,115.30003154277802,174.96114373207092,135.35804629325867
383,16,23,112.10393524169922,50.15172543847916,152.35544323921204,120.2529788017273,164.92934608459473,133.3680375814438
384,17,0,109.98928833007812,81.06656552196667,160.88027620315552,123.55457389354706,157.71910202503204,154.26639223098755
385,17,1,112.37775421142578,81.06656552196667,165.03586173057556,122.40965700149536,154.25350761413574,145.7840954065323
386,17,2,116.51451110839844,81.06656552196667,168.30190443992615,116.3370804786682,158.21089684963226,162.5578293800354
387,17,3,121.74144744873048,81.06656552196667,178.11329054832458,124.6092096567154,168.34982705116272,166.55263477563858
388,17,4,136.19505310058594,81.06656552196667,183.5723385810852,130.8846869468689,175.57143998146057,182.39898562431333
389,17,5,145.40960693359375,81.06656552196667,169.70209741592407,129.28022372722626,177.36502063274384,159.0242758989334
390,17,6,145.3717498779297,81.06656552196667,184.6620945930481,145.3472262620926,193.39319324493408,199.1669681072235
391,17,7,161.47203063964844,81.06656552196667,188.71962118148804,149.5962085723877,206.61838245391849,195.874346613884
392,17,8,165.1212921142578,81.06656552196667,156.77253198623657,121.66442227363586,153.58017194271088,144.86135059595108
393,17,9,152.3241729736328,81.06656552196667,139.31994697451591,110.88351708650588,164.57609698176384,123.86040550470352
394,17,10,148.8159942626953,81.06656552196667,75.07568752765656,45.03204941749573,82.16969323158264,78.55879855155945
395,17,11,154.54879760742188,81.06656552196667,53.47576069831848,40.237305760383606,70.96073532104492,32.0431991815567
396,17,12,152.77688598632812,81.06656552196667,42.29426193237305,29.98453187942505,34.06459927558899,20.437434911727905
397,17,13,122.25841522216795,81.06656552196667,54.125959157943726,44.0675595998764,59.27692401409149,67.33651888370514
398,17,14,91.59080505371094,81.06656552196667,82.30986416339874,64.69084924459457,81.32682621479034,81.51924151182175
399,17,15,90.01214599609375,81.06656552196667,103.2577097415924,82.780810713768,92.43841540813446,84.46221390366554
400,17,16,90.17408752441406,81.06656552196667,132.86142843961716,109.92258894443512,129.43480360507965,113.99527579545976
401,17,17,106.76130676269533,81.06656552196667,137.59178185462952,114.9764654636383,122.15142381191254,131.48891162872314
402,17,18,109.72970581054688,81.06656552196667,133.29963564872742,109.9186508655548,129.91590023040771,100.3740005493164
403,17,19,107.01849365234376,81.06656552196667,131.75138449668884,110.25177454948424,124.82895648479462,135.55269718170166
404,17,20,102.26530456542967,81.06656552196667,135.80510139465332,117.14860594272614,125.79929494857788,110.46638834476472
405,17,21,102.36077117919922,81.06656552196667,122.86260795593262,106.10725665092468,136.49491107463837,137.52467906475067
406,17,22,91.37622833251952,81.06656552196667,119.57486152648926,103.5929799079895,137.64518070220947,96.13689386844636
407,17,23,89.84978485107422,81.06656552196667,121.55035352706908,100.78653073310852,140.7827433347702,107.2491771876812
408,18,0,85.78440856933594,63.48714293325,124.02069807052612,103.68948769569396,132.91424345970154,94.3690984249115
409,18,1,84.70230865478516,63.48714293325,124.85472583770752,100.85324335098268,127.04235434532166,131.3283829689026
410,18,2,79.75355529785156,63.48714293325,123.3455708026886,101.95874869823456,134.49615931510925,125.15411353111269
411,18,3,79.0567855834961,63.48714293325,123.0805081129074,101.49811577796936,113.16335320472716,108.5413057655096
412,18,4,80.46321868896484,63.48714293325,122.41068947315216,102.52010440826416,113.15592801570892,115.01809549331664
413,18,5,86.46700286865234,63.48714293325,139.90867853164673,124.94732880592346,151.8149117231369,127.2072710096836
414,18,6,107.00365447998048,63.48714293325,138.53334140777588,118.75152349472046,140.4053614139557,154.18694269657135
415,18,7,114.16075897216795,63.48714293325,125.76876497268675,98.90324932336809,104.43998622894289,109.88097089529036
416,18,8,115.22586822509766,63.48714293325,124.97265982627869,106.44348686933516,131.32829332351685,139.32148826122284
417,18,9,130.22459411621094,63.48714293325,69.26046478748322,48.042123794555664,93.20823276042938,44.58390665054321
418,18,10,99.16029357910156,63.48714293325,35.86962568759918,20.04169452190399,53.60107815265656,35.5872642993927
419,18,11,88.4161605834961,63.48714293325,29.79624605178833,17.773768663406372,52.51691460609436,7.772906422615051
420,18,12,88.6089096069336,63.48714293325,106.58639883995056,90.94345074892044,108.43375200033188,78.0499347448349
421,18,13,124.38429260253906,63.48714293325,79.57329416275024,64.58940088748932,96.61156487464903,56.775998413562775
422,18,14,90.00718688964844,63.48714293325,70.92535877227783,56.0038965344429,77.29522550106049,76.16578412055969
423,18,15,79.17961883544922,63.48714293325,105.59007048606873,87.68636286258698,95.99500715732574,103.44919887185095
424,18,16,87.49785614013672,63.48714293325,125.7231423854828,107.89292514324188,114.23683762550354,116.93659880012274
425,18,17,100.12535858154295,63.48714293325,127.72675108909608,107.62593591213226,116.85771036148073,118.85518896579742
426,18,18,102.05941009521484,63.48714293325,126.33347618579865,102.974667429924,101.34916496276855,120.18616127967834
427,18,19,98.02061462402344,63.48714293325,141.47794365882874,124.05846893787384,141.03469276428223,113.45572364330292
428,18,20,113.17389678955078,63.48714293325,126.5244015455246,113.64370369911194,139.36658883094788,117.01461005210876
429,18,21,101.2408447265625,63.48714293325,133.70946073532104,117.2457548379898,157.58229434490204,122.9235565662384
430,18,22,98.97335052490234,63.48714293325,117.23885726928712,104.3622454404831,156.73897242546082,129.45655834674835
431,18,23,79.11803436279297,63.48714293325,121.09960079193117,106.1067991256714,138.88919246196747,110.87892258167268
432,19,0,84.13113403320312,46.068102811816665,119.80242967605592,100.0172642469406,120.40120029449464,118.22902917861938
433,19,1,80.15221405029297,46.068102811816665,121.20302867889404,108.71685087680817,145.52550554275513,130.9053739309311
434,19,2,79.83261108398438,46.068102811816665,117.85035371780396,109.58525657653809,141.2621819972992,110.11111581325532
435,19,3,81.32964324951172,46.068102811816665,125.9102532863617,107.20571672916412,124.89964389801024,119.66314482688904
436,19,4,84.37615966796875,46.068102811816665,131.83965063095093,116.11703562736513,129.6186419725418,123.64534711837769
437,19,5,92.20836639404295,46.068102811816665,141.59663128852844,124.65622544288637,134.86912417411804,128.48790526390076
438,19,6,106.4215850830078,46.068102811816665,122.6322774887085,101.61458081007004,123.66890835762024,121.6611067056656
439,19,7,104.27645874023438,46.068102811816665,83.92534160614014,73.50639164447784,74.80094474554062,77.22556185722351
440,19,8,105.28225708007812,46.068102811816665,30.86939370632172,28.38778614997864,46.023563623428345,33.83817219734192
441,19,9,96.86707305908205,46.068102811816665,-16.861467123031616,-20.736040472984318,-5.999001145362854,-31.0521399974823
442,19,10,90.50980377197266,46.068102811816665,-13.29853868484497,-8.420485258102417,-4.111607313156128,-39.28868043422699
443,19,11,107.5627212524414,46.068102811816665,-42.50860095024109,-33.674469232559204,-38.75354206562042,-46.1805671453476
444,19,12,67.61375427246094,46.068102811816665,-64.20313966274261,-48.51873862743378,-59.19341111183167,-76.63338160514832
445,19,13,62.92708206176758,46.068102811816665,-33.59445655345917,-17.542889714241028,-39.51698422431946,-26.69549190998077
446,19,14,61.05606842041016,46.068102811816665,55.160802721977234,68.07473659515381,51.4555349946022,60.23426082730293
447,19,15,62.84028625488281,46.068102811816665,65.21338866651058,66.84233784675598,93.2113419175148,53.065325409173965
448,19,16,60.681034088134766,46.068102811816665,91.80314165353776,91.09565818309784,86.7556381225586,96.47410011291504
449,19,17,83.90052032470703,46.068102811816665,91.14343410730362,86.00821709632874,83.79021489620209,94.5447154045105
450,19,18,82.25052642822266,46.068102811816665,98.4145129919052,90.64812004566193,94.39875447750092,77.05183219909668
451,19,19,85.46473693847656,46.068102811816665,106.73409950733183,96.98515021800996,97.64239716529846,94.40061485767365
452,19,20,89.05059814453125,46.068102811816665,89.84903180599213,80.6855486035347,102.6270112991333,79.8524022102356
453,19,21,69.06314849853516,46.068102811816665,96.50051593780518,85.82559931278229,107.00684642791748,92.15082013607024
454,19,22,70.07445526123047,46.068102811816665,85.0093400478363,73.87027907371521,113.35500299930573,79.32395279407501
455,19,23,53.64989471435547,46.068102811816665,82.06546866893768,69.81316429376602,93.04217064380646,77.33758646249771
456,20,0,50.3849983215332,41.165601924820834,88.17362475395203,73.10515284538269,103.51082599163055,84.5107090473175
457,20,1,51.18864059448242,41.165601924820834,100.47676682472228,85.946014046669,105.42851066589355,93.38098549842834
458,20,2,59.71943283081055,41.165601924820834,85.59887075424194,72.61192762851715,88.78584855794907,87.73111420869827
459,20,3,47.978153228759766,41.165601924820834,95.14582002162932,83.84669888019562,87.68808591365814,83.08007097244263
460,20,4,54.45511245727539,41.165601924820834,95.0927633047104,87.27738988399506,88.98408931493759,83.19753968715668
461,20,5,56.51552963256836,41.165601924820834,98.38481244444849,95.13870227336884,96.91710329055786,103.74995839595796
462,20,6,66.92340850830078,41.165601924820834,89.40699917078018,89.5554866194725,104.14019918441772,80.68635392934084
463,20,7,70.50196838378906,41.165601924820834,77.33178827166557,76.80106538534164,76.33986228704453,91.75890910625458
464,20,8,72.14820098876953,41.165601924820834,38.57898163795471,34.25441926717758,56.406492829322815,36.11084741353989
465,20,9,66.2620620727539,41.165601924820834,14.259570479393004,14.355034351348875,36.46731960773468,10.625969290733336
466,20,10,56.26852798461914,41.165601924820834,1.3694440126419067,4.038454651832581,24.65214693546295,-10.373868227005005
467,20,11,50.58027267456055,41.165601924820834,31.863109827041622,34.166481494903564,52.38892304897308,23.761320650577545
468,20,12,47.81133270263672,41.165601924820834,18.897394835948944,27.836622834205627,36.12844586372376,16.480262875556946
469,20,13,51.9427490234375,41.165601924820834,51.65924280881882,59.55239054560661,69.61454427242279,45.90588065981865
470,20,14,52.5656852722168,41.165601924820834,55.69832479953766,67.20469889044762,67.54413598775864,42.94337564706802
471,20,15,57.35149383544922,41.165601924820834,58.55462288856506,70.9112703204155,70.31058955192566,63.10883566737175
472,20,16,51.97703170776367,41.165601924820834,73.44673466682434,86.94616466760635,78.66062957048416,69.45916706323624
473,20,17,62.74883270263672,41.165601924820834,72.34912604093552,82.44726622104645,76.38767182826996,80.25601518154144
474,20,18,57.60825729370117,41.165601924820834,70.01063334941864,84.54340028762817,70.95889639854431,78.12944602966309
475,20,19,55.77864837646485,41.165601924820834,62.874121487140656,74.40216982364655,73.93264603614807,77.13777387142181
476,20,20,41.94115447998047,41.165601924820834,58.582948327064514,75.63145411014557,62.22834664583206,51.87452107667923
477,20,21,46.1693115234375,41.165601924820834,51.18264344334602,69.46110355854034,53.14965760707855,52.24648544192314
478,20,22,34.30612564086914,41.165601924820834,46.29711380600929,61.72044622898102,44.60133835673332,31.001489371061325
479,20,23,26.05771255493164,41.165601924820834,45.193412095308304,59.72816717624664,50.31665736436844,51.77742764353752
480,21,0,20.290678024291992,32.352004676662496,40.72228127717972,59.4057776927948,43.52884876728058,48.6582310795784
481,21,1,22.562475204467773,32.352004676662496,43.90131860971451,60.84080868959427,41.76423329114914,57.91612392663956
482,21,2,19.979167938232425,32.352004676662496,34.83557632565498,65.19607084989548,36.78914076089859,54.702345848083496
483,21,3,20.619497299194336,32.352004676662496,44.52353972196579,77.81796604394913,37.91461157798767,57.61144876480103
484,21,4,24.41485977172852,32.352004676662496,56.40416920185089,90.82521790266036,81.12431573867798,70.0372819006443
485,21,5,44.56306076049805,32.352004676662496,53.32510980963707,90.6932886838913,63.87047052383423,73.85566893219948
486,21,6,46.42192840576172,32.352004676662496,41.06785370409489,70.71292859315872,65.90012513101101,63.95853701233864
487,21,7,40.72792816162109,32.352004676662496,5.6262209713459015,34.91786062717438,-5.218876212835312,19.56724762916565
488,21,8,36.12666702270508,32.352004676662496,-30.449354350566864,2.6414949893951416,-0.8489275872707367,-16.27464610338211
489,21,9,42.30685424804688,32.352004676662496,-58.60461950302124,-22.79619717597961,-39.964412569999695,-59.45736753940582
490,21,10,33.3382682800293,32.352004676662496,-77.97602140903473,-42.31607007980347,-65.55877232551575,-100.98085188865662
491,21,11,28.442781448364254,32.352004676662496,-14.90911054611206,20.723089933395386,-14.95883709192276,-21.13103699684143
492,21,12,37.67508316040039,32.352004676662496,17.01512834429741,46.302112460136414,31.48640519380569,9.20905351638794
493,21,13,46.44404602050781,32.352004676662496,12.1843740940094,37.210379898548126,16.699308931827545,2.5195268988609314
494,21,14,32.40142822265625,32.352004676662496,44.52218456566334,64.73825997114182,32.63700893521309,43.16947561502457
495,21,15,38.53913116455078,32.352004676662496,69.44015324115753,86.48704594373703,68.61776158213615,73.88564045727253
496,21,16,58.2510986328125,32.352004676662496,83.72756826877594,99.54250276088716,65.20881992578506,89.98628497123718
497,21,17,79.17549133300781,32.352004676662496,88.03297924995422,94.41015481948853,94.42346858978271,62.907847821712494
498,21,18,70.06909942626953,32.352004676662496,108.6375629901886,108.55962705612184,91.92371928691864,85.10648477077484
499,21,19,83.34078979492188,32.352004676662496,101.25670564174652,96.59322381019592,108.91341865062714,84.52383315563202
500,21,20,74.35028839111328,32.352004676662496,109.59581100940704,98.27592694759367,93.41303741931917,83.69448053836823
501,21,21,76.25001525878906,32.352004676662496,111.89417254924774,102.54380357265472,119.4988100528717,75.26526242494583
502,21,22,81.84807586669922,32.352004676662496,104.78890717029572,96.39665913581848,116.0902055501938,87.82922673225403
503,21,23,75.81649780273438,32.352004676662496,107.11955559253693,98.63681054115295,108.57150518894196,82.1795916557312
504,22,0,77.50985717773438,73.539249575,113.92518603801727,98.95975947380066,113.77807331085204,94.37998974323273
505,22,1,74.49581146240234,73.539249575,113.79360735416412,103.30199694633484,108.92498517036438,87.80710777640343
506,22,2,79.60541534423828,73.539249575,124.62465119361876,103.1796169281006,114.04040837287904,98.053107380867
507,22,3,81.83977508544922,73.539249575,126.86585783958436,112.65320491790771,117.78265821933746,106.51838247478008
508,22,4,92.92958068847656,73.539249575,132.96627414226532,112.43302869796752,114.77916264533997,121.69204580783844
509,22,5,93.11831665039062,73.539249575,139.72882544994354,125.88596594333649,136.87710094451904,146.67098903656006
510,22,6,115.0520477294922,73.539249575,141.02394580841064,122.01555645465852,122.1247936487198,135.6490200161934
511,22,7,116.41493225097656,73.539249575,140.77820086479187,116.88299709558488,139.74415147304535,143.6828808784485
512,22,8,120.85983276367188,73.539249575,132.98807406425476,104.72510862350464,125.80637121200562,116.85587203502656
513,22,9,117.09041595458984,73.539249575,113.33461779356004,89.38081300258636,111.77302551269533,108.85579454898834
514,22,10,115.26864624023438,73.539249575,105.34529840946198,75.75667852163315,122.48521828651428,72.84193104505539
515,22,11,114.63185119628906,73.539249575,105.9112868309021,78.76802319288254,101.25115263462068,95.89279156923294
516,22,12,109.6107406616211,73.539249575,108.55284690856934,81.50136971473694,103.2859867811203,96.48395901918413
517,22,13,110.803466796875,73.539249575,111.937349319458,86.25377655029297,110.44989717006683,98.48347008228302
518,22,14,105.67070770263672,73.539249575,131.14960479736328,99.43558609485626,132.838175624609,106.22467720508575
519,22,15,113.53235626220705,73.539249575,139.76295459270477,110.94057047367096,135.71197831630707,137.58170303702354
520,22,16,113.59710693359376,73.539249575,135.1387219429016,105.413055062294,117.60992431640624,112.32278323173524
521,22,17,110.61641693115234,73.539249575,155.35506868362427,120.70936059951782,121.12700021266936,150.18342530727386
522,22,18,127.1244888305664,73.539249575,170.82783102989197,134.87447488307953,145.38217067718506,132.19444632530212
523,22,19,137.0124969482422,73.539249575,172.4765121936798,137.81031024456024,162.49037957191467,186.5234386920929
524,22,20,142.36538696289062,73.539249575,170.28084325790405,135.08397114276886,162.38589715957642,146.891217648983
525,22,21,136.34695434570312,73.539249575,167.4550895690918,128.75495040416718,161.58841478824615,159.2761014699936
526,22,22,132.339599609375,73.539249575,161.6629192829132,120.59286201000214,168.12293648719788,174.60025930404663
527,22,23,119.99603271484376,73.539249575,159.94948291778564,112.64619767665864,196.67407870292664,152.42870837450027
528,23,0,116.30072784423828,74.70000826425,158.62478041648865,111.7477114200592,200.1811661720276,154.9591588973999
529,23,1,117.4662628173828,74.70000826425,160.1909625530243,112.69413495063782,177.72654247283936,141.59763914346695
530,23,2,117.2485809326172,74.70000826425,157.69426679611206,112.16873478889464,175.03309655189514,153.90094876289368
531,23,3,120.3368148803711,74.70000826425,168.0796709060669,119.79646706581116,151.63163208961487,168.31070691347122
532,23,4,129.52191162109375,74.70000826425,167.1013741493225,120.5291155576706,160.6834979057312,141.26938319206238
533,23,5,131.6116485595703,74.70000826425,166.85678672790527,120.68292880058289,136.0688281059265,164.1701917052269
534,23,6,135.8634796142578,74.70000826425,176.69091296195984,135.38645780086517,176.97214257717133,176.14597253501415
535,23,7,154.4993896484375,74.70000826425,148.6603889465332,112.20739996433258,154.68485206365585,166.22454416751862
536,23,8,141.22958374023438,74.70000826425,112.16915440559389,82.41413909196854,137.89422297477722,97.92921984195708
537,23,9,117.90294647216795,74.70000826425,102.874156832695,74.853544652462,126.58955919742584,96.4604550600052
538,23,10,114.26150512695312,74.70000826425,96.46094638109209,70.0141224861145,119.61014783382416,77.60646098852158
539,23,11,97.68476104736328,74.70000826425,79.7950833439827,61.13858097791672,91.76200133562088,89.80261254310608
540,23,12,90.25211334228516,74.70000826425,80.78157812356949,60.00462633371353,94.72715866565704,50.60399490594864
541,23,13,88.5617904663086,74.70000826425,95.35736548900604,72.81522649526596,96.68537864089012,78.58656749129295
542,23,14,92.975830078125,74.70000826425,101.51136898994446,77.37338042259216,109.43865728378296,91.1278546154499
543,23,15,94.6774673461914,74.70000826425,107.98629951477052,81.10407221317291,111.56367127597332,99.27750647068024
544,23,16,93.2317123413086,74.70000826425,141.78771710395813,117.89600348472597,134.2405650615692,136.11357843875885
545,23,17,124.41284942626952,74.70000826425,131.29098451137543,109.41164219379424,119.28363692760468,118.73884391784668
546,23,18,109.68985748291016,74.70000826425,117.6806765794754,98.82497096061708,110.0646631717682,96.77549028396606
547,23,19,100.92464447021484,74.70000826425,122.60701513290404,106.28809010982512,119.1298440694809,122.3878083229065
548,23,20,108.91728973388672,74.70000826425,133.9120271205902,119.23221921920776,138.8376133441925,125.08370792865752
549,23,21,110.1791000366211,74.70000826425,108.76031064987184,97.67387628555298,134.98850059509277,106.79567337036131
550,23,22,87.50244140625,74.70000826425,104.0977908372879,93.36106795072556,128.12285470962524,95.03830140829086
551,23,23,76.9194107055664,74.70000826425,92.55562514066696,85.71819746494293,120.21547436714172,82.59829461574554
552,24,0,65.70417785644531,56.39540272062501,94.9318009018898,84.45714569091797,108.87098860740662,84.27866840362549
553,24,1,64.36741638183594,56.39540272062501,97.01601898670197,87.87046504020691,98.86854672431946,81.81313359737396
554,24,2,60.60538864135742,56.39540272062501,106.46964704990388,93.26834315061568,88.0012172460556,106.30650687217712
555,24,3,63.032657623291016,56.39540272062501,101.3310546875,91.47241711616516,90.60781371593475,91.2813169658184
556,24,4,58.58657836914063,56.39540272062501,99.64719569683076,88.01129567623138,87.0714201927185,100.18267250061037
557,24,5,63.10610580444336,56.39540272062501,96.19039964675903,93.34717583656312,121.95144057273863,106.19388431310654
558,24,6,66.53791046142578,56.39540272062501,109.8306832909584,106.86983394622804,111.13269236683846,124.54570841789246
559,24,7,85.6651611328125,56.39540272062501,118.23474514484406,121.62962865829468,122.59777998924255,125.73018616437912
560,24,8,104.3431625366211,56.39540272062501,92.2640233039856,95.50022840499878,106.63062831759451,91.89183759689332
561,24,9,90.99642181396484,56.39540272062501,92.67602908611298,92.94813638925552,95.86152303218842,89.6842514872551
562,24,10,89.52156829833984,56.39540272062501,88.66313374042511,86.34679538011551,110.39998495578766,69.47284227609634
563,24,11,90.6953582763672,56.39540272062501,75.77914518117905,74.54747951030731,88.32295203208923,83.72344297170639
564,24,12,78.82502746582031,56.39540272062501,39.2371563911438,30.787371039390564,64.41075778007507,24.39798963069916
565,24,13,73.40347290039062,56.39540272062501,16.98562216758728,12.411858201026917,8.85922884941101,4.059327244758606
566,24,14,73.07659149169922,56.39540272062501,33.832125306129456,35.75384271144867,13.396687388420103,34.23138749599457
567,24,15,71.81126403808594,56.39540272062501,92.8004447221756,82.85695445537567,46.535620748996735,74.29857444763184
568,24,16,85.1751480102539,56.39540272062501,117.2152738571167,103.90581858158112,105.7706036567688,80.97953614592552
569,24,17,92.92705535888672,56.39540272062501,126.87205791473389,107.96398258209229,114.56325244903564,114.7404716014862
570,24,18,94.01065826416016,56.39540272062501,139.79905927181244,117.3781179189682,133.4436023235321,126.5683652162552
571,24,19,104.18572235107422,56.39540272062501,146.3978409767151,124.09092903137208,133.00327134132385,144.8451778292656
572,24,20,111.44924926757812,56.39540272062501,134.68277144432068,108.90480697155,111.79353022575378,116.67917674779892
573,24,21,99.51834106445312,56.39540272062501,137.3147532939911,113.55344331264496,142.04622054100037,119.88563013076782
574,24,22,102.9545440673828,56.39540272062501,133.51903748512268,108.6515691280365,157.5159068107605,128.32008528709412
575,24,23,101.5850830078125,56.39540272062501,127.3511872291565,98.93093311786652,167.2102119922638,150.95730170607567
576,25,0,88.81840515136719,67.16472042141667,124.42498981952669,98.49357330799104,149.66157817840576,115.10108584165572
577,25,1,90.53773498535156,67.16472042141667,126.3250584602356,101.25482869148254,148.27811670303345,120.51320973038672
578,25,2,87.40618133544922,67.16472042141667,126.64246726036072,102.0350376367569,119.61647546291351,120.93766272068024
579,25,3,88.8531494140625,67.16472042141667,125.22110247612,99.38156640529633,124.98017966747284,132.71988081932068
580,25,4,87.84988403320312,67.16472042141667,127.84545135498048,103.99251186847688,105.30938923358916,125.06629550457
581,25,5,89.65582275390625,67.16472042141667,123.57747864723206,100.5214066505432,131.86736869812012,121.69755405187608
582,25,6,90.74137878417967,67.16472042141667,121.78916800022124,107.9962923526764,116.9345017373562,113.91746079921722
583,25,7,103.40896606445312,67.16472042141667,132.56771993637085,113.54059863090517,137.18696331977844,138.6384893655777
584,25,8,118.1205596923828,67.16472042141667,128.71770477294922,105.33937668800354,139.11495172977448,117.96469993889332
585,25,9,111.84011840820312,67.16472042141667,119.38902759552002,100.24244582653046,131.48937261104584,116.77010878920557
586,25,10,106.12991333007812,67.16472042141667,117.2938221693039,100.0804044008255,130.07680583000183,121.457214102149
587,25,11,104.4743881225586,67.16472042141667,132.1100218296051,107.4782042503357,144.53570067882538,113.30013810098173
588,25,12,115.17023468017578,67.16472042141667,112.23640966415404,89.39146625995636,124.19291186332704,100.07116839289664
589,25,13,99.1980438232422,67.16472042141667,109.75818932056428,88.92742151021957,129.02665865421295,83.00438007712364
590,25,14,95.93347930908205,67.16472042141667,107.807609513402,90.430109500885,107.3696962594986,108.58547788858414
591,25,15,99.25367736816406,67.16472042141667,122.98878264427184,106.80368328094482,119.95201969146729,122.53391593694688
592,25,16,105.71054077148438,67.16472042141667,121.07104766368866,102.265855550766,111.27817010879517,93.52927958965302
593,25,17,101.3478546142578,67.16472042141667,125.03209853172302,108.43393778800964,103.30893898010254,122.50491654872894
594,25,18,102.45599365234376,67.16472042141667,122.96040964126588,110.96669340133668,107.7630294561386,91.70961701869965
595,25,19,100.46286010742188,67.16472042141667,116.32714748382568,107.36961793899536,119.45531582832336,94.24530243873596
596,25,20,90.1378173828125,67.16472042141667,117.40276026725768,112.91380512714386,151.79761517047882,108.9462674856186
597,25,21,92.14971923828124,67.16472042141667,108.03654313087463,102.89324915409088,127.11210536956789,82.82889103889465
598,25,22,84.29347229003906,67.16472042141667,98.65355962514876,87.95854389667511,117.5975625514984,94.76569950580596
599,25,23,72.11567687988281,67.16472042141667,98.1850129365921,91.23433697223663,103.36989879608154,95.27059483528136
600,26,0,68.1312484741211,43.94522550337499,105.57087516784668,97.495490193367,97.88404893875122,88.48042058944702
601,26,1,64.92588806152344,43.94522550337499,108.41429901123048,100.5969386100769,127.14181303977966,90.02270781993866
602,26,2,62.69609832763672,43.94522550337499,109.26897621154784,104.40149903297424,139.29800927639008,105.0523155927658
603,26,3,64.69467163085938,43.94522550337499,110.14080047607422,97.03457903862,120.04812562465668,112.96790206432344
604,26,4,68.11682891845703,43.94522550337499,111.4750759601593,97.70853579044342,103.4350163936615,113.81342977285384
605,26,5,77.47373962402344,43.94522550337499,126.05518305301666,122.10359954833984,136.2904450893402,102.06609523296356
606,26,6,98.74597930908205,43.94522550337499,107.87024486064912,104.9298541545868,105.38453882932664,94.42812265455724
607,26,7,89.95538330078125,43.94522550337499,57.32668220996857,50.33432054519653,34.530969083309174,56.845722794532776
608,26,8,78.79247283935547,43.94522550337499,27.03232252597809,34.238088965415955,43.00394594669342,27.626803696155548
609,26,9,67.6270751953125,43.94522550337499,43.63426601886749,48.6613609790802,41.355520248413086,36.0840927362442
610,26,10,67.70112609863281,43.94522550337499,-20.22913384437561,-22.102059364318848,-27.527051091194156,-20.054038763046265
611,26,11,64.32090759277344,43.94522550337499,-55.863860726356506,-49.4739933013916,-37.53162837028504,-94.2055366039276
612,26,12,57.48788070678711,43.94522550337499,-30.54716384410858,-17.05075252056122,-36.82474112510681,-28.86171293258667
613,26,13,60.4599609375,43.94522550337499,19.01894563436508,26.650236070156097,19.762201368808743,-21.951330304145813
614,26,14,52.19916534423828,43.94522550337499,56.55852150917053,54.22872740030289,48.06373304128647,44.51365876197815
615,26,15,57.21881103515625,43.94522550337499,77.79087996482849,72.76940393447876,69.57100123167038,61.0489487349987
616,26,16,62.86013412475586,43.94522550337499,95.70697861909866,90.53975343704224,83.73474085330963,94.00420144200324
617,26,17,73.34876251220703,43.94522550337499,104.984965801239,96.24547052383424,88.17496514320374,98.10173094272614
618,26,18,80.56781768798828,43.94522550337499,112.219824552536,106.33221328258514,95.51141440868378,104.81354433298112
619,26,19,86.21469116210938,43.94522550337499,112.51844334602356,107.2862000465393,130.78723776340485,117.75328385829926
620,26,20,86.44605255126953,43.94522550337499,112.54176008701324,107.70943093299866,125.55258989334106,119.80424189567566
621,26,21,83.32215881347656,43.94522550337499,109.98473477363586,104.30151641368866,108.58319330215454,107.78854143619536
622,26,22,81.59600067138672,43.94522550337499,113.85423648357391,108.54678869247437,106.48470747470856,117.96807491779327
623,26,23,76.9668197631836,43.94522550337499,104.95450276136398,102.2152910232544,105.04718029499054,105.96873664855956
624,27,0,84.193603515625,43.08930080841666,117.50436282157898,99.56155848503111,125.771115899086,92.4015788435936
625,27,1,78.10282897949219,43.08930080841666,118.99018549919128,116.7938129901886,153.6465344429016,118.62626266479492
626,27,2,70.01750183105469,43.08930080841666,106.44505572319032,115.07232320308684,129.31340742111206,93.54394459724426
627,27,3,71.76313781738281,43.08930080841666,106.98542034626009,118.3121349811554,125.36411893367767,97.24609184265135
628,27,4,75.0915298461914,43.08930080841666,120.5610897541046,125.371906042099,138.4609409570694,87.9117836356163
629,27,5,86.35618591308594,43.08930080841666,143.11849999427795,133.85236585140228,154.3034030199051,113.94591581821442
630,27,6,118.39434814453124,43.08930080841666,130.8618402481079,105.35503256320952,119.95569798350334,112.75760344415905
631,27,7,113.07815551757812,43.08930080841666,70.68149781227112,77.01897275447845,76.95830500125885,96.77522790431976
632,27,8,95.17838287353516,43.08930080841666,11.827426552772522,38.830724239349365,35.723549246788025,37.132829785346985
633,27,9,95.10391235351562,43.08930080841666,-45.604485273361206,-15.30531084537506,-18.8787122964859,-4.557140350341797
634,27,10,69.59451293945312,43.08930080841666,-46.59292197227478,-16.589092016220093,-22.97623872756958,-33.006439208984375
635,27,11,90.06928253173828,43.08930080841666,-61.11181080341339,-40.51993489265442,-50.201727628707886,-62.32839035987854
636,27,12,54.30865859985352,43.08930080841666,-92.35568499565125,-81.73264646530151,-87.70401155948639,-113.94385874271391
637,27,13,45.82931137084961,43.08930080841666,-79.52781188488007,-61.066681027412415,-89.79078137874603,-82.39891529083252
638,27,14,37.57068634033203,43.08930080841666,-51.10148203372955,-32.18595039844513,-46.57290363311768,-66.11754643917084
639,27,15,37.34244537353516,43.08930080841666,2.076382160186768,17.189107060432434,-4.560220003128052,-11.315581619739532
640,27,16,40.83186340332031,43.08930080841666,65.43989498913288,79.46702146530151,44.0416265130043,74.44139182567596
641,27,17,58.782203674316406,43.08930080841666,87.37978684902191,89.69484210014343,72.8900740146637,66.16495388746262
642,27,18,66.67675018310547,43.08930080841666,86.76706993579865,92.1093246936798,96.01354229450226,86.45640766620636
643,27,19,68.63404846191406,43.08930080841666,115.70963060855864,116.73740208148956,106.88737332820892,101.08582651615144
644,27,20,90.99716186523438,43.08930080841666,98.87793719768524,98.91481000185011,87.34192180633545,79.54320311546326
645,27,21,71.49459838867188,43.08930080841666,87.03277605772018,81.52991604804993,105.2087174654007,69.18252116441727
646,27,22,61.52106857299805,43.08930080841666,87.0817398428917,79.89665234088898,103.45119738578796,61.3375728726387
647,27,23,56.089752197265625,43.08930080841666,84.61341297626495,70.67871934175491,94.74114525318146,64.55765268206596
648,28,0,49.06554412841797,37.13403659316667,84.45039913058281,83.03558003902435,92.00310230255128,78.3378998041153
649,28,1,49.38740921020508,37.13403659316667,84.8808343410492,75.5369039773941,90.5486627817154,65.67484378814697
650,28,2,50.52770233154297,37.13403659316667,86.4109713435173,88.85750198364258,96.11742293834686,84.79178041219711
651,28,3,56.00360107421875,37.13403659316667,85.21955287456512,84.0304057598114,72.58300054073334,86.70708334445953
652,28,4,53.12015151977539,37.13403659316667,118.65682217478752,114.8253289461136,114.3413997888565,116.58933264017104
653,28,5,84.49943542480469,37.13403659316667,93.47510898113252,97.37837481498718,123.54236769676208,95.5645067691803
654,28,6,69.40680694580078,37.13403659316667,97.55072796344756,113.67759084701538,105.5515918135643,101.99979445338248
655,28,7,81.88773345947266,37.13403659316667,79.44244381785393,90.71817934513092,86.96763336658478,83.89249777793884
656,28,8,73.73040771484375,37.13403659316667,62.51401287317276,84.11728435754776,82.24458396434784,63.829779624938965
657,28,9,72.57799530029297,37.13403659316667,4.056488752365112,31.18671762943268,32.557170271873474,9.008302092552183
658,28,10,71.1778335571289,37.13403659316667,-5.866591811180115,13.53237271308899,19.085373759269714,1.9139156937599184
659,28,11,56.36745071411133,37.13403659316667,-91.93091440200806,-68.52206301689148,-55.583847761154175,-96.3725048303604
660,28,12,55.56223678588867,37.13403659316667,-56.204890727996826,-23.200726747512817,-38.91158449649811,-43.72553312778473
661,28,13,55.58055877685547,37.13403659316667,-92.3258889913559,-63.85163068771362,-86.9883793592453,-88.62299346923828
662,28,14,36.46499252319336,37.13403659316667,-58.53541159629822,-20.565315067768097,-69.42649382352829,-60.28444463014603
663,28,15,39.56103897094727,37.13403659316667,12.54044958949089,44.09210407733917,-2.94757142663002,18.695427656173703
664,28,16,38.387657165527344,37.13403659316667,52.06436006724834,75.40913224220276,50.779414385557175,64.48489478230476
665,28,17,45.77412796020508,37.13403659316667,62.487936317920685,79.1985125541687,62.46060580015183,69.94649946689606
666,28,18,47.13106536865234,37.13403659316667,80.14109361171722,91.8221418261528,54.98624324798584,72.58533787727356
667,28,19,55.32720565795898,37.13403659316667,84.29994291067123,96.35304695367812,99.00732785463332,77.02078711986542
668,28,20,59.03330612182617,37.13403659316667,80.3904587328434,88.66049146652222,85.94125092029572,60.60665446519852
669,28,21,52.56580352783203,37.13403659316667,74.95715653896332,82.35756433010101,91.1300324201584,54.92697876691818
670,28,22,43.83543014526367,37.13403659316667,67.17922055721283,77.4640200138092,69.1359566450119,30.88321626186371
