hour,day,hour_of_day,baseline_load,plotted_target_load,weighted_comm_default,weighted_comm_alpha090_beta010,weighted_comm_alpha055_beta045
0,1,0,89.44082641601562,56.264562810600005,145.90067303180695,124.67306244373322,116.75553834438324
1,1,1,83.0643081665039,56.264562810600005,137.6718760728836,121.48731017112732,120.60015952587128
2,1,2,78.60829162597656,56.264562810600005,125.19262325763702,139.30251908302307,121.1450709104538
3,1,3,83.07950592041016,56.264562810600005,100.29691183567049,112.19731891155244,109.82122325897215
4,1,4,82.75498962402344,56.264562810600005,109.9503390789032,117.62376308441162,133.9501897096634
5,1,5,94.54297637939452,56.264562810600005,117.41790390014648,138.14752423763275,129.4682102203369
6,1,6,112.32801055908205,56.264562810600005,122.1537219285965,119.89246606826782,127.57921397686005
7,1,7,113.23037719726562,56.264562810600005,99.81339167058468,107.55275568366052,107.8197858929634
8,1,8,113.15670013427734,56.264562810600005,69.3056446313858,69.63457715511322,65.89326846599579
9,1,9,95.74092864990234,56.264562810600005,73.32509672641754,70.56105923652649,48.46660506725311
10,1,10,95.99383544921876,56.264562810600005,-5.602335214614868,-3.4130219221115112,-9.853531241416931
11,1,11,86.68492126464844,56.264562810600005,4.197032809257507,-11.02166509628296,-15.274722576141356
12,1,12,87.78263854980469,56.264562810600005,-17.94574749469757,-17.987997174263,-32.99035954475403
13,1,13,76.26077270507812,56.264562810600005,-28.80709731578827,-46.09066998958588,-35.48042905330658
14,1,14,70.68318939208984,56.264562810600005,22.614052176475525,40.35871398448944,14.07357695698738
15,1,15,75.9368667602539,56.264562810600005,85.99404668807983,71.29052603244781,85.15190017223358
16,1,16,90.17698669433594,56.264562810600005,109.54523730278017,125.99149763584136,145.00428199768066
17,1,17,90.16580200195312,56.264562810600005,102.72444117069244,110.87329530715942,123.53242200613022
18,1,18,86.45130920410156,56.264562810600005,99.7129204273224,105.71914446353912,155.8642189502716
19,1,19,89.86079406738281,56.264562810600005,113.1617636680603,109.10493588447572,135.52888453006744
20,1,20,90.97954559326172,56.264562810600005,110.73086822032928,118.1867738366127,112.76558804512024
21,1,21,87.69075775146484,56.264562810600005,100.64740920066832,97.42884105443954,135.1660349369049
22,1,22,75.29225158691406,56.264562810600005,109.04074394702911,120.9682923555374,125.2916062772274
23,1,23,87.96369934082031,56.264562810600005,113.87078928947447,125.52385807037354,134.06176722049713
24,2,0,90.49907684326172,103.26987717391668,123.01304268836977,144.60317945480347,154.61972200870514
25,2,1,105.7725601196289,103.26987717391668,129.4255155324936,141.2510199546814,133.41996932029724
26,2,2,101.76969146728516,103.26987717391668,143.12651419639587,134.05190896987915,141.18065798282623
27,2,3,116.08731842041016,103.26987717391668,152.80201649665833,156.4554204940796,163.9193068742752
28,2,4,130.47898864746094,103.26987717391668,194.33191084861755,179.2662069797516,159.00865387916565
29,2,5,158.25494384765625,103.26987717391668,190.92768621444705,205.69467639923096,200.279035449028
30,2,6,188.85348510742188,103.26987717391668,213.6314642429352,196.0009138584137,229.99614143371585
31,2,7,193.60983276367188,103.26987717391668,190.4082205891609,195.6043339967728,185.8970530033112
32,2,8,188.840087890625,103.26987717391668,131.33653497695923,117.2292765378952,165.59394574165344
33,2,9,201.74972534179688,103.26987717391668,133.50396418571472,121.31051778793336,127.8488780260086
34,2,10,204.85581970214844,103.26987717391668,83.77957034111023,66.24268221855164,76.82797884941101
35,2,11,201.7991180419922,103.26987717391668,64.45495176315308,61.76197504997253,40.19978141784668
36,2,12,176.43508911132812,103.26987717391668,43.39306783676148,24.6550190448761,48.80569505691528
37,2,13,168.37535095214844,103.26987717391668,59.95592451095581,47.286158084869385,64.346404671669
38,2,14,164.0489044189453,103.26987717391668,105.11469316482544,94.13805067539217,109.92130243778227
39,2,15,158.1284942626953,103.26987717391668,174.63362956047058,184.9635252952576,198.6235909461975
40,2,16,188.8213806152344,103.26987717391668,186.44048500061035,189.29782354831696,194.73321866989136
41,2,17,187.7610626220703,103.26987717391668,194.61522579193115,216.67510616779327,206.9824411869049
42,2,18,194.064697265625,103.26987717391668,218.46559357643127,219.39267814159396,213.0078456401825
43,2,19,206.4914093017578,103.26987717391668,245.4831702709198,238.26286101341248,222.18883800506592
44,2,20,243.6284942626953,103.26987717391668,221.66183638572693,214.7854282259941,207.6627612113953
45,2,21,202.0106964111328,103.26987717391668,234.4057297706604,220.7306693792343,192.3841202259064
46,2,22,208.82110595703125,103.26987717391668,231.0512616634369,220.8326575756073,209.4160635471344
47,2,23,190.50680541992188,103.26987717391668,217.3388359546661,223.85856342315677,198.6705822944641
48,3,0,197.70736694335935,121.463727324625,240.5184953212738,234.87386465072632,232.9670391082764
49,3,1,196.5191345214844,121.463727324625,224.0944859981537,230.97261023521423,228.16501212120056
50,3,2,208.2154693603516,121.463727324625,264.92691469192505,258.1043105125427,243.63996696472168
51,3,3,211.4256591796875,121.463727324625,241.30225324630737,239.6611967086792,251.73083066940308
52,3,4,218.0312347412109,121.463727324625,275.41794443130493,238.1184320449829,254.6937313079834
53,3,5,226.1446075439453,121.463727324625,239.3822009563446,238.9173083305359,250.86959648132324
54,3,6,235.1519317626953,121.463727324625,260.2900719642639,228.7422788143158,255.37142515182492
55,3,7,244.4648895263672,121.463727324625,250.1740863323212,239.9903099536896,275.06507563591003
56,3,8,255.54576110839844,121.463727324625,247.2037831544876,238.25700271129608,267.2974662780762
57,3,9,261.9815979003906,121.463727324625,118.90005838871002,148.81597292423248,166.22478580474854
58,3,10,205.7759552001953,121.463727324625,76.2459956407547,84.90746569633484,97.27668333053587
59,3,11,172.47726440429688,121.463727324625,48.43954253196716,48.374348163604736,51.68433904647827
60,3,12,172.5341033935547,121.463727324625,57.4773964881897,49.299710631370544,34.63783943653107
61,3,13,152.83168029785156,121.463727324625,48.81897139549256,44.83307206630707,51.26833784580231
62,3,14,139.49058532714844,121.463727324625,77.90752279758453,66.2836344242096,83.33465194702148
63,3,15,135.9101104736328,121.463727324625,130.50667548179626,123.9457222223282,132.18728911876678
64,3,16,137.19566345214844,121.463727324625,159.8173360824585,170.7552250623703,204.87977194786072
65,3,17,151.1378173828125,121.463727324625,177.4399061203003,167.68926310539246,190.09836411476132
66,3,18,141.13906860351562,121.463727324625,157.07054817676544,175.66372394561768,173.92288541793823
67,3,19,143.3938751220703,121.463727324625,151.11114692687988,171.88460540771484,178.35923171043396
68,3,20,138.39602661132812,121.463727324625,146.7084367275238,165.76708579063416,173.9020745754242
69,3,21,130.9814910888672,121.463727324625,164.63558650016785,166.86653208732605,156.54878282546997
70,3,22,126.4676513671875,121.463727324625,139.33154034614563,144.25202226638794,162.43984711170197
71,3,23,114.92512512207033,121.463727324625,131.26344275474548,139.84896731376648,140.42564004659653
72,4,0,113.02973175048828,72.06773195127501,131.4416868686676,146.36655688285828,158.39893794059753
73,4,1,109.01675415039062,72.06773195127501,136.01063656806946,136.11374413967133,149.47386050224304
74,4,2,111.09807586669922,72.06773195127501,127.9405312538147,142.24127221107483,130.85071349143982
75,4,3,104.77182006835938,72.06773195127501,133.0602880716324,125.20484352111816,144.84728002548218
76,4,4,107.14664459228516,72.06773195127501,133.77915501594543,136.659037232399,126.94437646865843
77,4,5,111.9313735961914,72.06773195127501,131.99101614952087,129.22275722026825,129.4042398929596
78,4,6,107.6357421875,72.06773195127501,132.91829565167427,147.23421359062195,123.70768821239471
79,4,7,124.5164566040039,72.06773195127501,117.95694690942764,132.88329148292542,131.8281171321869
80,4,8,135.94871520996094,72.06773195127501,100.11197012662888,101.8734209537506,102.34988009929656
81,4,9,129.89646911621094,72.06773195127501,109.66108679771423,122.38585066795348,143.9796985387802
82,4,10,132.29611206054688,72.06773195127501,83.16323745250702,92.047727227211,74.24432229995728
83,4,11,119.3257827758789,72.06773195127501,52.38028573989868,64.98147010803223,51.21493721008301
84,4,12,114.430908203125,72.06773195127501,58.06699442863464,52.93503558635712,66.1691220998764
85,4,13,117.1576690673828,72.06773195127501,84.76988184452057,71.3280428647995,94.46482181549072
86,4,14,105.42414855957033,72.06773195127501,100.77906560897829,125.54770123958588,113.9397960305214
87,4,15,104.3827896118164,72.06773195127501,126.85556077957152,107.88064348697662,119.32831251621246
88,4,16,105.22600555419922,72.06773195127501,132.20357656478882,130.88379895687103,140.60761487483978
89,4,17,117.05023193359376,72.06773195127501,147.32322669029236,133.25556617975235,121.19134163856506
90,4,18,114.89505767822266,72.06773195127501,121.04074776172638,99.20873558521272,114.23971426486968
91,4,19,100.73562622070312,72.06773195127501,128.73412132263184,114.6783139705658,120.9570996761322
92,4,20,106.15362548828124,72.06773195127501,115.17975866794586,111.8009762763977,121.3862299323082
93,4,21,112.37799072265624,72.06773195127501,106.11936962604524,106.79861176013948,117.06409013271332
94,4,22,100.15760803222656,72.06773195127501,91.44313299655914,92.4043426513672,106.7255039215088
95,4,23,80.78718566894531,72.06773195127501,97.21551609039308,104.84857416152954,106.02536189556122
96,5,0,76.1482162475586,71.26784696154166,109.35029256343842,102.84043490886688,109.93897712230682
97,5,1,77.41963958740234,71.26784696154166,119.91727590560912,108.83190333843233,113.90104365348816
98,5,2,78.79285430908203,71.26784696154166,110.82866847515106,100.08148992061616,125.41731715202332
99,5,3,79.3545150756836,71.26784696154166,129.29920554161072,121.6057180762291,144.6991902589798
100,5,4,97.3295669555664,71.26784696154166,139.18210864067078,118.712939620018,133.40140211582184
101,5,5,90.68329620361328,71.26784696154166,148.9896433353424,141.67244482040405,137.0571095943451
102,5,6,121.52537536621094,71.26784696154166,140.89912605285645,144.8696528673172,133.17126178741455
103,5,7,149.50250244140625,71.26784696154166,116.8067039847374,133.165688931942,108.52841457724573
104,5,8,152.40960693359375,71.26784696154166,122.86559534072876,98.0602115392685,103.28411197662354
105,5,9,157.76292419433594,71.26784696154166,69.90090441703796,30.38526451587677,53.30179798603058
106,5,10,154.3596649169922,71.26784696154166,27.120152235031128,-0.9077272415161132,2.954672336578369
107,5,11,141.68893432617188,71.26784696154166,-20.06561279296875,-33.74389171600342,-17.16604256629944
108,5,12,130.81639099121094,71.26784696154166,-11.696974515914915,-20.388907432556152,-11.501686096191406
109,5,13,130.2898406982422,71.26784696154166,-8.699049711227417,-13.37596833705902,2.2668763399124146
110,5,14,130.02394104003906,71.26784696154166,42.63531231880188,30.15591585636139,48.38115906715393
111,5,15,129.62533569335938,71.26784696154166,102.2790151834488,86.0800775885582,110.9525501728058
112,5,16,120.4817352294922,71.26784696154166,143.70811009407043,155.89502382278442,198.6693878173828
113,5,17,141.0433807373047,71.26784696154166,148.31664562225342,159.05068731307983,187.9981333613396
114,5,18,147.54931640625,71.26784696154166,170.08513402938843,172.02139842510223,198.8971973657608
115,5,19,158.61956787109375,71.26784696154166,169.43462896347046,191.09302878379825,185.6040666103363
116,5,20,167.0216064453125,71.26784696154166,199.73493480682373,189.1131241321564,205.38899636268616
117,5,21,177.12496948242188,71.26784696154166,201.08501505851743,196.2263195514679,189.00295782089236
118,5,22,181.89236450195312,71.26784696154166,191.18613743782043,187.10764408111567,183.0277543067932
119,5,23,159.59156799316406,71.26784696154166,175.961110830307,176.5202763080597,187.28437089920044
120,6,0,156.9466094970703,80.61506569283334,166.18540382385254,164.84199404716492,170.72949934005737
121,6,1,139.9093475341797,80.61506569283334,164.80374264717102,160.81142377853394,149.34124374389648
122,6,2,133.91464233398438,80.61506569283334,168.8768482208252,156.95730757713318,181.2378113269806
123,6,3,150.4583282470703,80.61506569283334,159.97202920913696,170.3777358531952,149.2924449443817
124,6,4,146.86827087402344,80.61506569283334,177.8546999692917,182.740314245224,177.42477226257324
125,6,5,159.04745483398438,80.61506569283334,165.93797934055328,202.49770271778107,190.4320917129517
126,6,6,166.59625244140625,80.61506569283334,201.91148400306705,207.55544781684875,185.18386590480804
127,6,7,173.10118103027344,80.61506569283334,127.99048614501952,147.9154771566391,130.59381651878357
128,6,8,155.48550415039062,80.61506569283334,105.32990252971648,100.87998116016388,109.68667232990263
129,6,9,154.11904907226562,80.61506569283334,53.9449634552002,54.693081855773926,67.76187407970428
130,6,10,138.97409057617188,80.61506569283334,23.528467297554016,26.810230255126957,21.54387891292572
131,6,11,127.69182586669922,80.61506569283334,28.533071517944336,0.5483430624008179,1.742647409439087
132,6,12,115.8742218017578,80.61506569283334,-12.676685810089111,-18.69892954826355,-4.155980587005615
133,6,13,110.98089599609376,80.61506569283334,51.946587800979614,16.191674947738647,44.35883057117462
134,6,14,98.9700164794922,80.61506569283334,43.31739509105682,36.58765065670013,48.95802056789398
135,6,15,102.356689453125,80.61506569283334,99.77506828308104,101.86338490247726,145.15633815526962
136,6,16,120.96993255615234,80.61506569283334,131.00086325407028,127.73194801807404,150.38845604658127
137,6,17,110.97557067871094,80.61506569283334,153.2401111125946,142.08525037765503,164.77908277511597
138,6,18,126.71340942382812,80.61506569283334,155.13695812225342,135.80632734298706,140.28098100423813
139,6,19,122.13880920410156,80.61506569283334,161.6730978488922,141.20721650123596,146.25715190172195
140,6,20,130.81863403320312,80.61506569283334,180.14053344726562,154.77485871315002,157.82751673460007
141,6,21,136.06686401367188,80.61506569283334,182.2082507610321,167.1392204761505,170.79648780822754
142,6,22,137.87753295898438,80.61506569283334,150.89361000061035,144.5596058368683,155.9699671268463
143,6,23,133.44554138183594,80.61506569283334,155.59958171844482,174.53960978984833,158.4338777065277
144,7,0,136.28721618652344,106.18141793066668,166.4415991306305,173.20747303962708,175.6479549407959
145,7,1,147.0416717529297,106.18141793066668,182.8315851688385,184.9769593477249,175.95733785629272
146,7,2,148.85008239746094,106.18141793066668,196.1837472915649,180.875337600708,181.45741367340088
147,7,3,155.88096618652344,106.18141793066668,182.1407618522644,200.92379522323608,176.24495494365692
148,7,4,160.87193298339844,106.18141793066668,190.7699643373489,184.2573476433754,194.56968641281128
149,7,5,170.05934143066406,106.18141793066668,199.0479600429535,193.1885359287262,191.84365558624268
150,7,6,186.4439239501953,106.18141793066668,191.4805247783661,179.66850328445437,188.74768495559687
151,7,7,186.9327545166016,106.18141793066668,189.12137687206268,166.72653758525848,200.75053870677948
152,7,8,172.24668884277344,106.18141793066668,200.91868317127228,154.63589560985565,160.15563094615936
153,7,9,177.15956115722656,106.18141793066668,165.9919192790985,146.17149257659912,156.5331318974495
154,7,10,172.83575439453125,106.18141793066668,119.3538230061531,145.15555000305176,128.36941534280777
155,7,11,149.29391479492188,106.18141793066668,125.0145514011383,142.20692360401154,125.53822565078735
156,7,12,147.0917205810547,106.18141793066668,88.89405250549316,123.01749873161316,102.08494305610655
157,7,13,130.27920532226562,106.18141793066668,121.40616965293884,137.47472429275513,133.1548257470131
158,7,14,128.25299072265625,106.18141793066668,141.06310415267944,139.41708183288574,144.92361111938953
159,7,15,136.0814208984375,106.18141793066668,159.3950233459473,146.66959023475647,163.64548408985138
160,7,16,136.80699157714844,106.18141793066668,151.61089062690735,139.28525388240814,168.3119456768036
161,7,17,140.20797729492188,106.18141793066668,157.82409691810608,156.28745859861374,168.76500260829926
162,7,18,141.2097930908203,106.18141793066668,155.3013846874237,141.17151832580566,164.4486118555069
163,7,19,140.27256774902344,106.18141793066668,176.5531222820282,163.21959686279297,171.43926787376404
164,7,20,163.22984313964844,106.18141793066668,167.09930515289307,177.22042417526245,169.42036533355713
165,7,21,164.05218505859375,106.18141793066668,181.65029668807983,178.76342272758484,167.51115852594376
166,7,22,163.389404296875,106.18141793066668,169.7063788175583,173.86896932125092,169.03674983978271
167,7,23,149.2867889404297,106.18141793066668,182.97424149513245,169.44548964500427,172.07518100738525
168,8,0,140.12013244628906,92.26443310588331,179.21673226356506,177.04870295524597,177.43836903572085
169,8,1,134.93905639648438,92.26443310588331,173.0327069759369,178.33764624595642,169.99525499343872
170,8,2,126.95928192138672,92.26443310588331,167.3486475944519,164.79276967048645,166.86997759342194
171,8,3,131.02442932128906,92.26443310588331,158.9398787021637,170.26182007789612,158.0864615440369
172,8,4,139.66036987304688,92.26443310588331,196.89677810668945,183.78027403354645,197.14220118522644
173,8,5,167.17724609375,92.26443310588331,184.40469241142276,193.92411375045776,190.66800165176392
174,8,6,177.298828125,92.26443310588331,208.4104256629944,202.82633888721463,206.8272089958191
175,8,7,191.3690185546875,92.26443310588331,193.0071860551834,184.67082595825195,171.5551060438156
176,8,8,183.89349365234372,92.26443310588331,158.43419790267944,136.46764183044434,165.20492911338806
177,8,9,168.96206665039062,92.26443310588331,95.85446488857268,92.06744360923769,93.296480178833
178,8,10,155.3363494873047,92.26443310588331,29.66602349281311,43.52672600746155,19.417633652687076
179,8,11,131.38795471191406,92.26443310588331,37.05323219299317,22.16961896419525,15.365859389305117
180,8,12,138.2729034423828,92.26443310588331,17.257805705070496,-16.61176884174347,17.726388931274414
181,8,13,117.51105499267578,92.26443310588331,19.95966339111328,15.216084957122805,8.333054065704346
182,8,14,107.3642120361328,92.26443310588331,49.823644399642944,21.2209712266922,49.93240809440613
183,8,15,110.21752166748048,92.26443310588331,115.7267970442772,112.20107889175416,129.86441946029663
184,8,16,126.35887145996094,92.26443310588331,154.34211993217468,146.30987405776978,190.63176441192627
185,8,17,142.59088134765625,92.26443310588331,193.0673496723175,206.6691597700119,198.93676209449768
186,8,18,163.87315368652344,92.26443310588331,158.0438106060028,155.65460681915283,176.60000824928284
187,8,19,150.21665954589844,92.26443310588331,197.2077119350433,234.34445190429688,205.8350213766098
188,8,20,190.8021240234375,92.26443310588331,203.4515175819397,187.007119178772,189.05655628442764
189,8,21,182.46136474609372,92.26443310588331,195.5939283370972,208.84047996997836,208.4737478494644
190,8,22,160.88616943359375,92.26443310588331,200.18056106567383,166.2531977891922,157.55886793136597
191,8,23,145.5370330810547,92.26443310588331,165.1539707183838,177.47252583503723,134.42647755146027
192,9,0,133.22938537597656,88.72331906716666,154.76060390472412,138.64315807819366,139.79042506217957
193,9,1,125.27710723876952,88.72331906716666,140.17854189872742,163.44496595859528,155.91759431362152
194,9,2,127.16728973388672,88.72331906716666,172.76918363571167,164.24197554588318,164.48942971229553
195,9,3,138.87498474121094,88.72331906716666,178.4372787475586,169.32420206069946,161.2234320640564
196,9,4,147.53164672851562,88.72331906716666,208.33257746696472,183.0149039030075,189.1535291671753
197,9,5,170.25531005859375,88.72331906716666,179.26253938674927,194.9827381372452,185.50600409507751
198,9,6,165.61746215820312,88.72331906716666,182.0823245048523,191.4137122631073,204.93967068195343
199,9,7,178.0823974609375,88.72331906716666,179.327503323555,194.35198032855988,197.7306228876114
200,9,8,185.0553741455078,88.72331906716666,125.54119634628296,141.2494768500328,159.8471877574921
201,9,9,161.3302459716797,88.72331906716666,102.1461775302887,131.84583497047424,106.37682008743286
202,9,10,159.6990966796875,88.72331906716666,74.71222829818726,78.88287591934204,67.34942710399628
203,9,11,149.45860290527344,88.72331906716666,21.37089490890503,35.65602660179138,14.82036793231964
204,9,12,133.8592987060547,88.72331906716666,8.662607192993164,-8.820658922195435,-8.826563596725464
205,9,13,117.48404693603516,88.72331906716666,32.829965710639954,12.116210222244264,27.1771502494812
206,9,14,118.86347198486328,88.72331906716666,76.62138676643372,47.96619373559952,56.67001903057098
207,9,15,126.4457778930664,88.72331906716666,108.07835218310356,94.03916549682616,120.77265286445618
208,9,16,128.0416259765625,88.72331906716666,144.28008139133453,154.4616721868515,152.1179633140564
209,9,17,132.7178497314453,88.72331906716666,173.81113195419312,174.49636924266815,195.7136082649231
210,9,18,146.94166564941406,88.72331906716666,166.07927060127258,155.71796774864197,172.00839030742645
211,9,19,150.9305419921875,88.72331906716666,168.749258518219,184.11403441429135,185.9309171438217
212,9,20,152.11981201171875,88.72331906716666,165.77814769744873,165.01375555992126,153.77115154266355
213,9,21,141.52294921875,88.72331906716666,168.88791227340698,167.7682033777237,170.48579478263855
214,9,22,128.26702880859375,88.72331906716666,152.2472826242447,160.94376134872437,146.1361130475998
215,9,23,110.49491119384766,88.72331906716666,116.51818919181824,145.08851945400238,140.07344388961792
216,10,0,102.61228942871094,73.654282278,123.8081613779068,150.8149118423462,133.2440723180771
217,10,1,102.40318298339844,73.654282278,116.77144312858582,151.19669926166534,150.57338571548462
218,10,2,92.40210723876952,73.654282278,135.4722340106964,119.26933825016022,123.3278374671936
219,10,3,92.2160873413086,73.654282278,134.23383355140686,126.30855906009674,133.12111675739288
220,10,4,93.53717041015624,73.654282278,138.50143790245056,107.97494149208067,123.29471778869627
221,10,5,94.50901794433594,73.654282278,116.26164412498474,126.73784232139587,123.52089262008668
222,10,6,100.68675994873048,73.654282278,112.9425372481346,114.14332449436188,116.0420144200325
223,10,7,112.17662811279295,73.654282278,121.38122016191484,117.75894868373872,123.96977865695952
224,10,8,112.70020294189452,73.654282278,128.00060558319092,128.50373566150665,128.88184082508087
225,10,9,125.36375427246094,73.654282278,101.72239485383034,95.3389337658882,89.83301281929016
226,10,10,105.38874816894533,73.654282278,80.78069078922272,91.29095804691316,88.09954404830933
227,10,11,102.05453491210938,73.654282278,68.71009564399719,73.5855438709259,92.27056202292442
228,10,12,91.01652526855467,73.654282278,60.521697133779526,68.85755240917206,87.10799822211266
229,10,13,82.11767578125,73.654282278,51.484503984451294,67.64409160614014,90.6255013346672
230,10,14,86.4703598022461,73.654282278,75.07327729463577,74.32161569595337,86.26856106519699
231,10,15,101.60130310058594,73.654282278,93.72828729450704,96.53011578321455,100.56173667311668
232,10,16,102.65673065185548,73.654282278,132.0250232219696,146.96617984771729,120.01242542266846
233,10,17,119.36483764648438,73.654282278,146.4023562669754,136.90690577030182,130.1714165210724
234,10,18,124.15242767333984,73.654282278,151.17974257469177,168.58802902698517,151.29484796524048
235,10,19,132.54615783691406,73.654282278,149.4291032552719,141.78812527656555,130.30237644910812
236,10,20,134.90054321289062,73.654282278,165.99391674995422,193.014790058136,164.1733717918396
237,10,21,145.44505310058594,73.654282278,149.53443586826324,146.99957466125488,128.07745802402496
238,10,22,123.1128387451172,73.654282278,165.62359642982483,168.4755311012268,136.33018112182617
239,10,23,118.7475814819336,73.654282278,152.0563952922821,150.83988642692566,139.2100908756256
240,11,0,113.37467193603516,76.35465082491667,142.3419246673584,142.18589329719543,123.30888986587524
241,11,1,109.30615234375,76.35465082491667,126.8662816286087,137.908061504364,136.6994218826294
242,11,2,109.74128723144533,76.35465082491667,141.7186794281006,144.06909441947937,139.44531500339508
243,11,3,111.60519409179688,76.35465082491667,138.1737937927246,151.10009694099426,153.32956731319427
244,11,4,109.99600219726562,76.35465082491667,156.15201103687286,157.10187923908234,162.86371541023254
245,11,5,124.35888671875,76.35465082491667,151.27528774738312,144.2328201532364,164.22577464580536
246,11,6,126.08283996582033,76.35465082491667,159.47293826937675,153.30654978752136,149.92371493577957
247,11,7,146.3574981689453,76.35465082491667,162.5063956975937,146.63541758060455,166.5543726682663
248,11,8,149.70314025878906,76.35465082491667,138.4945064485073,119.3637471795082,109.91087990999222
249,11,9,134.69100952148438,76.35465082491667,127.8554756641388,114.53673088550568,123.53793865442276
250,11,10,147.08119201660156,76.35465082491667,108.601606965065,108.6307418346405,104.2595100402832
251,11,11,138.63722229003906,76.35465082491667,95.72918164730072,107.5325186252594,101.48879539966585
252,11,12,125.80401611328124,76.35465082491667,77.24695122241974,90.51828742027284,78.64360058307648
253,11,13,113.0165023803711,76.35465082491667,72.27855217456818,103.1069186925888,75.03706789016724
254,11,14,105.8755874633789,76.35465082491667,106.17519772052763,127.16461223363876,90.426826775074
255,11,15,106.26673889160156,76.35465082491667,112.27354836463928,124.15493828058244,118.49672478437424
256,11,16,103.76668548583984,76.35465082491667,130.95570850372314,122.51198583841324,120.23473644256592
257,11,17,100.60413360595705,76.35465082491667,149.0673611164093,124.27810549736024,142.35408198833466
258,11,18,118.52886962890624,76.35465082491667,128.83980560302734,108.86375331878662,115.4906941652298
259,11,19,104.17877197265624,76.35465082491667,101.41808128356934,95.9408476948738,110.92496085166933
260,11,20,92.13967895507812,76.35465082491667,90.2237182855606,70.28583079576492,84.74732279777527
261,11,21,80.83293914794922,76.35465082491667,100.20935130119324,83.37014424800873,99.48952925205232
262,11,22,80.81194305419922,76.35465082491667,75.18858504295349,84.08060598373413,88.55313050746918
263,11,23,64.34955596923828,76.35465082491667,73.37053501605988,84.78906106948853,85.20355486869812
264,12,0,63.73716354370117,52.91160712909283,84.84154617786407,101.59706902503969,107.90382313728333
265,12,1,62.09915542602539,52.91160712909283,97.06354129314424,84.75247943401337,113.51111268997192
266,12,2,65.54271697998047,52.91160712909283,102.12478315830232,102.05516505241394,116.23954331874847
267,12,3,76.54047393798828,52.91160712909283,116.74734270572662,99.7239294052124,124.71659731864928
268,12,4,94.53204345703124,52.91160712909283,127.1949986219406,130.30494618415833,119.834174990654
269,12,5,106.42353057861328,52.91160712909283,127.00343215465546,140.17796325683594,135.4530258178711
270,12,6,120.83916473388672,52.91160712909283,126.69098627567293,137.40189986675978,111.89346313476562
271,12,7,130.3201446533203,52.91160712909283,126.02685105800629,114.60710322856904,153.1288983821869
272,12,8,125.53960418701172,52.91160712909283,93.66182339191435,88.80911254882812,62.308630764484406
273,12,9,119.4548110961914,52.91160712909283,26.33126950263977,0.1343895196914672,-9.831764459609984
274,12,10,103.61527252197266,52.91160712909283,-21.152029275894165,-40.884690046310425,-19.65351152420044
275,12,11,90.9912109375,52.91160712909283,-58.657374143600464,-43.59196102619171,-42.71265363693237
276,12,12,85.301025390625,52.91160712909283,-58.51746106147766,-63.27312326431274,-59.165847301483154
277,12,13,77.38067626953125,52.91160712909283,-49.48453640937805,-47.5422899723053,-50.59073758125305
278,12,14,75.72712707519531,52.91160712909283,-11.813764691352844,-26.423740029335026,-13.571320116519928
279,12,15,71.51332092285156,52.91160712909283,51.80926293134689,34.19206589460373,48.74151512980461
280,12,16,87.76006317138672,52.91160712909283,100.72260630130768,99.3965426683426,111.69180715084076
281,12,17,89.47859954833984,52.91160712909283,113.7335274219513,120.28221690654756,160.59979438781738
282,12,18,119.70697784423828,52.91160712909283,107.7594530582428,129.6863170862198,159.63981580734253
283,12,19,116.38279724121094,52.91160712909283,120.02555227279665,152.8688405752182,152.20887529850006
284,12,20,127.68708038330078,52.91160712909283,143.29278683662417,123.9212532043457,141.59053218364716
285,12,21,132.040283203125,52.91160712909283,136.97139966487885,143.42754077911377,162.82742166519165
286,12,22,124.41162109375,52.91160712909283,154.09661269187927,137.84325242042542,168.78889513015747
287,12,23,113.0312271118164,52.91160712909283,141.40457701683044,159.98053908348083,161.7740180492401
288,13,0,110.96022033691406,75.70713178958333,161.8397355079651,160.14397597312927,165.10581278800964
289,13,1,119.92579650878906,75.70713178958333,152.56077003479004,168.52560830116272,164.16028356552124
290,13,2,121.3930892944336,75.70713178958333,158.86611318588257,176.58630084991455,166.33592128753662
291,13,3,135.36819458007812,75.70713178958333,188.5843529701233,190.3701159954071,175.52332258224487
292,13,4,150.62661743164062,75.70713178958333,202.94687485694885,199.3860552310944,184.19312644004825
293,13,5,174.72177124023438,75.70713178958333,192.0476999282837,194.5944786071777,194.4521403312683
294,13,6,191.28057861328125,75.70713178958333,206.24416947364807,199.6101109981537,179.63465631008148
295,13,7,193.3762969970703,75.70713178958333,183.492203950882,179.4599859714508,170.96052765846252
296,13,8,185.49253845214844,75.70713178958333,103.92246985435486,115.18617463111876,116.83526992797852
297,13,9,160.3345184326172,75.70713178958333,62.95726096630096,57.6890606880188,51.66265738010407
298,13,10,142.7704620361328,75.70713178958333,9.656912565231323,-0.4327571392059326,1.8709819316864011
299,13,11,127.14836883544922,75.70713178958333,-44.08477330207825,-46.929810523986816,-28.99219644069672
300,13,12,108.67839050292967,75.70713178958333,-19.74379253387451,-22.548677563667297,3.7327704429626474
301,13,13,103.94123077392578,75.70713178958333,-8.809967041015625,14.633133172988892,-9.344270825386047
302,13,14,94.11511993408205,75.70713178958333,46.84562695026398,34.53099739551544,52.32792294025421
303,13,15,96.18296813964844,75.70713178958333,83.22307312488556,62.03782373666763,67.41197156906128
304,13,16,96.65235137939452,75.70713178958333,134.94867038726807,138.74022221565247,148.24534678459167
305,13,17,107.75242614746094,75.70713178958333,142.66404795646667,143.35004663467407,173.81911444664
306,13,18,117.59733581542967,75.70713178958333,140.78489422798157,163.48639905452728,173.0798397064209
307,13,19,121.60121154785156,75.70713178958333,150.90159821510315,155.72639179229736,162.23027503490448
308,13,20,125.95558166503906,75.70713178958333,137.4044008255005,158.60216629505155,149.77090215682983
309,13,21,125.61995697021484,75.70713178958333,126.50694918632507,129.849831700325,131.5133068561554
310,13,22,114.9567413330078,75.70713178958333,120.66426014900208,100.72358763217926,132.17771112918854
311,13,23,100.5370864868164,75.70713178958333,128.24355149269104,118.07967877388,128.94815123081207
312,14,0,99.931396484375,52.49715500095834,116.915975689888,127.65666484832764,123.20510518550871
313,14,1,94.3960189819336,52.49715500095834,128.5431296825409,121.32800090312958,129.8715262413025
314,14,2,96.87369537353516,52.49715500095834,127.6638652086258,114.72866487503052,124.78157341480257
315,14,3,100.4119110107422,52.49715500095834,120.33995151519775,108.8009865283966,132.9120250940323
316,14,4,100.98294067382812,52.49715500095834,124.87719583511353,146.65533363819122,130.866514980793
317,14,5,106.33478546142578,52.49715500095834,122.35640949010848,128.21452927589417,132.98729467391968
318,14,6,115.58370971679688,52.49715500095834,135.08189879357815,138.98449057340622,136.7838193178177
319,14,7,133.9195556640625,52.49715500095834,124.28444403409958,108.92378330230711,133.0121533870697
320,14,8,127.13883972167967,52.49715500095834,73.66301202774048,79.12896925210953,74.87740874290466
321,14,9,125.42928314208984,52.49715500095834,31.44684362411499,28.791290521621704,5.953908801078796
322,14,10,119.9238739013672,52.49715500095834,-11.44591760635376,11.192224025726318,-21.655301809310917
323,14,11,97.26801300048828,52.49715500095834,-83.50506281852722,-59.63918042182922,-96.18567514419556
324,14,12,82.96083068847656,52.49715500095834,-77.0265486240387,-81.01139795780182,-89.772904753685
325,14,13,71.19811248779297,52.49715500095834,-43.74355912208557,-48.65953946113586,-44.86603915691376
326,14,14,78.4885025024414,52.49715500095834,-9.391194224357603,-24.35859376192093,2.2448806762695312
327,14,15,72.14364624023438,52.49715500095834,33.7060923576355,32.23044890165329,43.09657680988312
328,14,16,62.81880187988281,52.49715500095834,122.45568537712096,123.88122833520174,124.92141246795654
329,14,17,89.34942626953125,52.49715500095834,105.51266658306122,120.16223406791688,146.3874961733818
330,14,18,99.26526641845705,52.49715500095834,89.68615245819092,121.80421209335329,140.317364692688
331,14,19,83.35366821289062,52.49715500095834,109.15813314914703,101.36807191371918,129.37226700782776
332,14,20,89.72689056396484,52.49715500095834,100.27805161476137,120.37389135360718,135.28175342082977
333,14,21,81.50054168701172,52.49715500095834,94.43628549575806,92.317822098732,96.79406177997588
334,14,22,67.1523208618164,52.49715500095834,106.36646628379822,94.04534935951231,120.38588190078735
335,14,23,65.08866119384766,52.49715500095834,94.58229291439056,91.61436021327972,110.12035274505617
336,15,0,58.06022262573242,46.715857215125,90.03920829296112,85.24946105480194,116.57287514209747
337,15,1,58.667625427246094,46.715857215125,98.4378068447113,100.54467916488647,102.67855942249298
338,15,2,59.11091613769531,46.715857215125,98.3548036813736,83.49076271057129,83.2890864610672
339,15,3,61.69742965698242,46.715857215125,107.88047778606416,88.91010224819183,89.02756679058075
340,15,4,70.85816955566406,46.715857215125,113.80857336521149,97.87876451015472,65.75503045320511
341,15,5,72.11421203613281,46.715857215125,113.72321796417236,117.05749726295473,88.97020477056503
342,15,6,80.105224609375,46.715857215125,108.64545339345932,127.2521843612194,104.03388851881029
343,15,7,97.6742935180664,46.715857215125,80.29556435346603,90.90702897310256,92.06930631399156
344,15,8,81.45221710205078,46.715857215125,55.06092512607575,76.20783615112305,59.690749287605286
345,15,9,82.04175567626953,46.715857215125,64.47411721944809,62.39499443769455,64.33625984191895
346,15,10,74.92037963867188,46.715857215125,56.39815592765808,60.16980403661728,67.77501237392426
347,15,11,83.1373291015625,46.715857215125,49.901297599077225,52.576262444257736,47.9651386141777
348,15,12,66.2680435180664,46.715857215125,13.988172829151154,26.841354846954346,18.27488905191421
349,15,13,62.76754760742188,46.715857215125,-30.211302280426025,-22.43193006515503,-16.413066267967224
350,15,14,51.59230041503906,46.715857215125,-0.495299220085144,-31.377672612667084,-10.218311727046968
351,15,15,47.51331329345703,46.715857215125,19.991149187088013,23.91289629042149,13.78207266330719
352,15,16,50.71783828735352,46.715857215125,83.35960257053375,87.91830956935883,66.20754542946815
353,15,17,65.75640869140625,46.715857215125,79.4401028752327,66.6607950925827,93.51979470252992
354,15,18,61.30098724365234,46.715857215125,106.08090794086456,115.56979489326476,123.93449866771698
355,15,19,84.08219146728516,46.715857215125,92.91934776306152,83.50904369354248,102.1955220103264
356,15,20,66.49301147460938,46.715857215125,87.48627841472626,94.47984451055528,97.14582180976868
357,15,21,63.29667282104492,46.715857215125,73.67614591121674,58.65174472332001,78.75237512588501
358,15,22,51.05742645263672,46.715857215125,75.85539150238037,65.88098698854446,79.78718543052673
359,15,23,49.60578918457031,46.715857215125,84.11704695224762,86.10081800818443,89.55670362710953
360,16,0,48.44301223754883,50.15172543847916,88.91134244203568,93.76596558094025,75.62180376052856
361,16,1,42.76219940185547,50.15172543847916,76.76749950647354,77.1988046169281,83.4426366686821
362,16,2,43.6001205444336,50.15172543847916,92.09248149394988,91.487238407135,92.03875303268433
363,16,3,53.59113311767578,50.15172543847916,84.37509047985077,99.14186170697212,82.19279181957245
364,16,4,49.97834777832031,50.15172543847916,102.12592262029648,93.29790517687798,99.60490596294404
365,16,5,60.00978088378906,50.15172543847916,76.43731391429901,87.18363356590271,96.84187668561935
366,16,6,61.112735748291016,50.15172543847916,123.51223087310792,106.5612939596176,124.10339857637882
367,16,7,89.42607116699219,50.15172543847916,80.48139083385468,81.83363723754883,92.18215560913086
368,16,8,66.18399810791016,50.15172543847916,60.42327398061752,51.26954823732376,69.62845087051392
369,16,9,60.74689865112305,50.15172543847916,57.1575009226799,52.289042949676514,62.31884753704071
370,16,10,69.20516967773438,50.15172543847916,29.4131760597229,25.47842800617218,41.49828100204468
371,16,11,65.14562225341797,50.15172543847916,6.8174179792404175,16.631278097629547,14.413997411727903
372,16,12,63.54478454589844,50.15172543847916,10.84675759077072,11.390923857688904,17.014388918876648
373,16,13,68.87422943115234,50.15172543847916,-1.816224813461304,-20.76850402355194,-1.721524953842163
374,16,14,69.44541931152344,50.15172543847916,70.6981711089611,77.60877871513367,79.72582346200943
375,16,15,76.4811782836914,50.15172543847916,88.41569340229034,101.47037729620934,107.20485615730286
376,16,16,94.0315399169922,50.15172543847916,98.09318536520004,121.31450915336607,122.55988717079164
377,16,17,103.76720428466795,50.15172543847916,127.96330523490906,132.81181263923645,141.20748233795166
378,16,18,122.23684692382812,50.15172543847916,126.03395402431488,129.4404889345169,124.55545449256896
379,16,19,113.86182403564452,50.15172543847916,117.4705902338028,127.14984202384947,123.49824804067612
380,16,20,114.07099151611328,50.15172543847916,132.20918083190918,123.98272728919984,127.69840025901794
381,16,21,117.56231689453124,50.15172543847916,148.94558715820312,159.9538016319275,129.06166052818298
382,16,22,117.66378784179688,50.15172543847916,159.1778597831726,141.40345168113708,130.10870778560638
383,16,23,110.42591857910156,50.15172543847916,154.19273161888125,146.46731042861938,137.7469780445099
384,17,0,106.23545837402344,81.06656552196667,152.77162182331085,134.65924859046936,129.8916299343109
385,17,1,108.63715362548828,81.06656552196667,148.97284650802612,129.18396872282028,155.5482099056244
386,17,2,110.8564224243164,81.06656552196667,146.85011267662048,152.7479865550995,160.7628515958786
387,17,3,117.9963836669922,81.06656552196667,143.53522062301636,166.81116724014282,177.2440059185028
388,17,4,128.99940490722656,81.06656552196667,148.26509070396423,166.65079760551453,172.19643568992615
389,17,5,139.25880432128906,81.06656552196667,158.32806634902954,167.49077785015106,158.29812908172607
390,17,6,141.9519500732422,81.06656552196667,180.8994822502136,171.72763498639688,188.70551443099976
391,17,7,156.76943969726562,81.06656552196667,173.27196669578552,179.60158479213715,177.74603629112244
392,17,8,160.15415954589844,81.06656552196667,159.3485285639763,170.3645167350769,153.56387147307396
393,17,9,147.02137756347656,81.06656552196667,146.45321533083916,155.1215410232544,143.84824866056442
394,17,10,148.42933654785156,81.06656552196667,66.31711387634277,81.7069640159607,71.22800981998444
395,17,11,151.8495635986328,81.06656552196667,49.24344086647034,51.2133846282959,31.59609603881836
396,17,12,151.4744873046875,81.06656552196667,18.145800590515137,28.32482087612152,22.550472021102905
397,17,13,119.60240936279295,81.06656552196667,56.447394609451294,50.82247459888458,51.42545056343079
398,17,14,91.7675323486328,81.06656552196667,72.41680163145065,72.33637619018555,96.91864204406738
399,17,15,88.2814712524414,81.06656552196667,95.6482470035553,88.13539263606071,111.09678435325624
400,17,16,89.09881591796875,81.06656552196667,127.58644145727158,139.1362258195877,154.29961478710177
401,17,17,105.13665008544922,81.06656552196667,140.86841225624084,135.80695748329163,136.0618281364441
402,17,18,108.06549072265624,81.06656552196667,130.57379233837128,122.12264609336852,125.2683363556862
403,17,19,104.31721496582033,81.06656552196667,130.60065913200378,121.00469636917114,133.16750597953796
404,17,20,100.5212631225586,81.06656552196667,136.34751868247986,128.19504499435425,138.50995993614197
405,17,21,100.98113250732422,81.06656552196667,127.82546031475069,114.95035886764526,110.15043902397156
406,17,22,90.01527404785156,81.06656552196667,109.50085055828094,105.5324798822403,98.20969593524931
407,17,23,87.7335433959961,81.06656552196667,119.25383579730988,108.99960565567017,111.71496021747588
408,18,0,83.46098327636719,63.48714293325,104.92676317691804,109.15995132923126,106.1881485581398
409,18,1,81.85291290283203,63.48714293325,108.78918707370758,132.28156805038452,127.35615491867064
410,18,2,75.85952758789062,63.48714293325,119.63415682315826,122.23937797546388,124.40653657913208
411,18,3,76.50016784667969,63.48714293325,101.1479598879814,116.78013682365416,119.35576796531676
412,18,4,75.73420715332031,63.48714293325,111.79714679718018,109.14738035202026,116.05479454994202
413,18,5,84.86724090576172,63.48714293325,123.35503482818604,131.3899518251419,138.1034767627716
414,18,6,103.31184387207033,63.48714293325,141.08701610565186,135.43009042739868,138.2814371585846
415,18,7,112.506103515625,63.48714293325,127.66040962934494,122.7637823820114,117.87491935491562
416,18,8,111.4645767211914,63.48714293325,125.27728736400604,120.28726184368134,107.39123368263245
417,18,9,127.46170043945312,63.48714293325,56.48784911632538,54.47508597373962,69.7860335111618
418,18,10,96.19149017333984,63.48714293325,26.240294218063354,27.02987563610077,17.014083981513977
419,18,11,85.86386108398438,63.48714293325,3.482356190681457,24.495890617370605,4.305896759033203
420,18,12,85.4654312133789,63.48714293325,72.94305855035782,99.72140699625017,83.25808852910995
421,18,13,121.23753356933594,63.48714293325,65.92254304885864,87.31787270307541,68.02735781669617
422,18,14,87.24928283691406,63.48714293325,56.27674853801727,76.59505951404572,50.53560584783554
423,18,15,78.39330291748047,63.48714293325,84.25012755393982,97.26660645008089,90.26527681946754
424,18,16,86.14024353027344,63.48714293325,124.7646745443344,116.91692662239076,109.4304064437747
425,18,17,98.6181869506836,63.48714293325,116.0121865272522,120.0034966468811,127.65947246551514
426,18,18,99.23036193847656,63.48714293325,126.18117618560792,110.51554715633392,137.7699191570282
427,18,19,96.39508819580078,63.48714293325,142.95789790153503,138.13229930400848,145.6915783882141
428,18,20,111.58641815185548,63.48714293325,136.5794552564621,99.2013614177704,119.03807860612868
429,18,21,99.48382568359376,63.48714293325,124.22169291973114,102.46787524223328,124.30535161495207
430,18,22,95.92472839355467,63.48714293325,93.04783654212952,98.34541177749634,118.19955575466156
431,18,23,76.02299499511719,63.48714293325,101.99576830863953,122.23445576429368,128.95047068595886
432,19,0,82.08368682861328,46.068102811816665,114.08292806148528,111.57713946700096,106.3993118405342
433,19,1,77.60584259033203,46.068102811816665,112.53228557109831,112.17390620708466,123.76388096809389
434,19,2,78.03253173828125,46.068102811816665,105.01774430274963,102.09541088342668,113.87755453586578
435,19,3,78.75299072265625,46.068102811816665,103.78541648387908,110.61889815330504,127.45469355583192
436,19,4,79.96741485595703,46.068102811816665,103.10945415496826,105.57262217998505,115.33984327316284
437,19,5,86.50381469726562,46.068102811816665,107.85557627677916,112.43224519491196,112.7675530910492
438,19,6,100.68476104736328,46.068102811816665,104.93155413866045,113.49726736545564,93.13614350557329
439,19,7,98.6305923461914,46.068102811816665,71.81903100013733,78.19341707229614,67.07302713394165
440,19,8,100.18634796142578,46.068102811816665,24.241039752960205,44.43022966384888,12.36135756969452
441,19,9,93.86682891845705,46.068102811816665,-29.302495002746586,1.6838966608047483,-46.01420569419861
442,19,10,88.95919799804688,46.068102811816665,-37.70541501045227,-16.550171375274658,-36.96254181861877
443,19,11,106.9517822265625,46.068102811816665,-65.15841865539551,-43.78955316543579,-50.18019104003906
444,19,12,67.21098327636719,46.068102811816665,-71.38963758945465,-65.1727225780487,-52.29908514022827
445,19,13,63.45627975463867,46.068102811816665,-31.84512221813202,-42.42387092113495,-23.899588704109192
446,19,14,61.64598083496094,46.068102811816665,57.31484898924828,60.08942177891731,57.01881831884384
447,19,15,63.590126037597656,46.068102811816665,69.62501615285873,75.18596306443214,96.0678005218506
448,19,16,61.07438659667969,46.068102811816665,105.85017025470734,90.89226978085937,129.8714128434658
449,19,17,84.31090545654297,46.068102811816665,93.4568841457367,98.25468611717224,128.6147038936615
450,19,18,81.62062072753906,46.068102811816665,108.77269768714903,101.26533710956572,132.40623670816422
451,19,19,84.67485046386719,46.068102811816665,114.94896626472472,105.02948570251463,126.53828024864195
452,19,20,87.96640014648438,46.068102811816665,85.24242770671844,94.19623351097108,95.94350945949554
453,19,21,68.09549713134766,46.068102811816665,88.77208364009857,91.14163756370544,99.19860887527466
454,19,22,69.20536804199219,46.068102811816665,74.55374193191528,82.72261166572571,76.21571946144104
455,19,23,52.891746520996094,46.068102811816665,71.62341606616974,68.16093349456787,65.23632603883743
456,20,0,49.22262573242188,41.165601924820834,65.55292356014252,80.82069051265717,77.31835272908211
457,20,1,49.833229064941406,41.165601924820834,86.30483853816986,86.97178041934967,87.21652883291245
458,20,2,58.17237091064453,41.165601924820834,82.13328695297241,78.32951498031616,72.72097557783127
459,20,3,47.05058288574219,41.165601924820834,93.58073937892914,81.54745280742645,61.62884497642517
460,20,4,53.72616958618164,41.165601924820834,86.70794308185577,88.99756455421448,68.78293001651764
461,20,5,56.00298309326172,41.165601924820834,119.74580371379852,109.82703125476836,71.6296147108078
462,20,6,66.9511489868164,41.165601924820834,110.69075328111649,110.0267694592476,62.73008183948696
463,20,7,70.87073516845703,41.165601924820834,97.2413374185562,85.9715473651886,81.50439432263374
464,20,8,72.44702911376953,41.165601924820834,46.73092794418335,48.01826351881027,44.24670076370239
465,20,9,66.2628402709961,41.165601924820834,1.8957054615020752,5.168175041675568,29.9280778169632
466,20,10,56.21792984008789,41.165601924820834,-18.495451748371124,6.025902509689331,21.095980048179623
467,20,11,50.58027267456055,41.165601924820834,23.30193024873733,28.345935493707657,35.217980444431305
468,20,12,47.87648010253906,41.165601924820834,17.40159022808075,32.87143570184708,40.28044378757477
469,20,13,51.735633850097656,41.165601924820834,45.32009243965149,60.6198091506958,79.5342687368393
470,20,14,52.39662170410156,41.165601924820834,63.89000192284584,64.12412416934967,89.95980310440063
471,20,15,56.68613815307617,41.165601924820834,60.141481935977936,60.431950122118,93.45645247399808
472,20,16,51.74046325683594,41.165601924820834,85.44394040107727,74.50200879573822,100.59990966320038
473,20,17,62.62725830078125,41.165601924820834,76.02710556983948,80.65934392809868,93.60354262590408
474,20,18,57.71083068847656,41.165601924820834,78.737997174263,69.07319921255112,93.05741441249847
475,20,19,55.89048767089844,41.165601924820834,69.71681272983551,57.24665451049805,67.05763739347458
476,20,20,41.97914505004883,41.165601924820834,63.72828912734985,46.22409266233444,70.4912651181221
477,20,21,45.70293426513672,41.165601924820834,55.18515527248383,30.590000689029694,58.531873524189
478,20,22,33.22926330566406,41.165601924820834,60.68719786405563,20.47036349773407,57.21326598525047
479,20,23,25.328536987304688,41.165601924820834,54.108003079891205,42.05958032608032,53.56265661120415
480,21,0,19.813953399658203,32.352004676662496,54.72042605280876,43.64140260219574,44.88840079307556
481,21,1,22.340770721435547,32.352004676662496,49.82125025987625,53.21289813518524,32.48233997821808
482,21,2,20.313915252685547,32.352004676662496,52.31736409664154,58.6136599779129,42.51155298948288
483,21,3,19.62223243713379,32.352004676662496,66.97612053155899,57.22620084881783,53.05230784416199
484,21,4,23.533618927001957,32.352004676662496,77.68467402458191,68.38981240987778,66.30839544534683
485,21,5,42.92406463623047,32.352004676662496,72.54869616031647,59.43231862783432,59.24720233678818
486,21,6,44.43253707885742,32.352004676662496,60.58118606358767,66.45842391252518,54.44084668159485
487,21,7,40.55702590942383,32.352004676662496,22.54964938759804,31.86842912435532,1.7406415343284607
488,21,8,34.31165313720703,32.352004676662496,-16.68978723883629,-18.23219907283783,-14.906617879867554
489,21,9,41.104305267333984,32.352004676662496,-56.82607090473175,-52.8214635848999,-42.38295805454254
490,21,10,33.487491607666016,32.352004676662496,-77.77993679046631,-69.98033535480499,-60.48335325717926
491,21,11,28.891433715820312,32.352004676662496,-9.956054985523224,-19.442982494831085,-6.090435922145844
492,21,12,37.0484733581543,32.352004676662496,20.952325224876404,15.389895915985107,21.82903689146042
493,21,13,45.33816909790039,32.352004676662496,7.937525629997253,12.418292105197906,20.721156537532806
494,21,14,32.555755615234375,32.352004676662496,34.69004461169243,41.63692280650139,48.24847534298897
495,21,15,38.97403717041016,32.352004676662496,55.42444843053818,64.70635521411896,77.79253363609314
496,21,16,58.42087173461914,32.352004676662496,59.369109749794006,86.66350436210632,92.98289811611176
497,21,17,78.46336364746094,32.352004676662496,52.05834400653839,76.74846017360687,96.35338920354845
498,21,18,68.17544555664062,32.352004676662496,70.15535843372345,93.81317722797394,102.10826539993286
499,21,19,80.97943115234375,32.352004676662496,68.90375709533691,85.24845522642136,85.63662195205688
500,21,20,71.18716430664062,32.352004676662496,67.71564137935638,90.21147227287292,108.34476685523988
501,21,21,72.20262145996094,32.352004676662496,97.06460213661194,93.85289418697356,106.03114253282548
502,21,22,79.4809799194336,32.352004676662496,90.98101365566254,102.90590810775755,106.44172847270966
503,21,23,74.52519226074219,32.352004676662496,101.84562802314758,99.1355078816414,96.23003363609314
504,22,0,76.90690612792969,73.539249575,98.53550136089324,114.2301812171936,109.97898638248444
505,22,1,72.19068145751953,73.539249575,107.00681018829346,109.71417140960692,117.4696605205536
506,22,2,78.23189544677734,73.539249575,101.91877692937852,115.17538118362428,114.01055538654327
507,22,3,77.8385009765625,73.539249575,125.9117033481598,122.93007373809814,122.69887137413023
508,22,4,91.59381866455078,73.539249575,117.45302414894104,113.68673062324524,129.35910058021545
509,22,5,90.12274169921876,73.539249575,149.75929057598114,125.77203953266144,138.65382027626038
510,22,6,115.21021270751952,73.539249575,140.38461312651634,130.43635320663452,140.07996952533722
511,22,7,114.54683685302734,73.539249575,145.77857422828674,133.7879821062088,130.84927143156528
512,22,8,119.50920867919922,73.539249575,117.19647479057312,122.72240900993349,114.43745097517969
513,22,9,114.01529693603516,73.539249575,110.00676488876344,107.84014868736269,108.8824508190155
514,22,10,113.26107025146484,73.539249575,79.68541711568832,90.2999939918518,88.30025601387024
515,22,11,110.61223602294922,73.539249575,78.0128464102745,85.65467941761017,102.30889093875884
516,22,12,105.93655395507812,73.539249575,89.87126594781876,88.1468294262886,97.66847229003906
517,22,13,108.4746551513672,73.539249575,103.26367020606996,86.68076080083847,112.25739711523056
518,22,14,103.82335662841795,73.539249575,113.90960049629211,105.6337623000145,135.0066084265709
519,22,15,110.7997589111328,73.539249575,112.45761680975556,111.12192988395692,131.4357663691044
520,22,16,110.20068359375,73.539249575,111.07202577590942,132.35785472393036,118.89096587896348
521,22,17,105.74994659423828,73.539249575,139.7509627342224,144.11385333538055,142.2901599407196
522,22,18,121.11160278320312,73.539249575,147.50806641578674,165.2674434185028,156.4078722000122
523,22,19,131.0433349609375,73.539249575,152.66764640808103,170.90485286712646,148.5217802524567
524,22,20,138.16885375976562,73.539249575,156.41848754882812,176.16734147071838,178.7672243118286
525,22,21,132.69996643066406,73.539249575,165.0977873802185,159.0474772453308,141.29988026618958
526,22,22,129.5579833984375,73.539249575,165.37374210357666,170.84555053710938,155.9725217819214
527,22,23,117.3731689453125,73.539249575,142.39618623256683,157.91461491584778,140.16486716270447
528,23,0,111.85324096679688,74.70000826425,153.49192428588867,169.68103122711182,140.65641379356384
529,23,1,112.7888641357422,74.70000826425,132.92525839805603,161.72425532341003,154.30645155906677
530,23,2,109.19713592529295,74.70000826425,149.33386945724487,158.44819164276123,152.32402515411377
531,23,3,114.67182159423828,74.70000826425,146.353004693985,161.64571225643158,164.06927406787872
532,23,4,122.80309295654295,74.70000826425,161.68289256095886,150.86022853851318,159.06726276874542
533,23,5,127.52545166015624,74.70000826425,164.92233836650848,155.0876772403717,159.78505659103394
534,23,6,130.33071899414062,74.70000826425,169.77979409694672,177.7213158607483,156.3751773238182
535,23,7,151.26087951660156,74.70000826425,147.88240388035774,153.34600937366486,129.90361073613167
536,23,8,139.59347534179688,74.70000826425,113.67574334144592,110.1096460223198,84.00686651468277
537,23,9,116.95159912109376,74.70000826425,105.61988830566406,113.39751398563384,107.89293950796127
538,23,10,111.91127014160156,74.70000826425,78.2260080575943,95.42890256643297,100.68002331256866
539,23,11,95.48413848876952,74.70000826425,69.3582535982132,68.59253096580505,53.539859890937805
540,23,12,89.31678771972656,74.70000826425,62.1325831413269,53.98636841773987,79.99578672647476
541,23,13,87.00090789794922,74.70000826425,103.1867807507515,78.86894583702087,105.00818800926208
542,23,14,92.91999816894533,74.70000826425,92.72720840573312,102.1409034729004,100.9614236354828
543,23,15,93.70738983154295,74.70000826425,101.06699085235596,103.81555306911469,112.53649008274078
544,23,16,92.96243286132812,74.70000826425,134.0057225227356,137.9337683916092,157.0670223236084
545,23,17,122.88754272460938,74.70000826425,127.19164431095123,126.131418466568,142.39316082000732
546,23,18,108.50617980957033,74.70000826425,119.23740804195404,103.49266076087952,116.01524412631989
547,23,19,99.6251449584961,74.70000826425,125.34642708301544,117.59114611148834,126.83567214012146
548,23,20,107.9608154296875,74.70000826425,136.20125567913055,120.17437863349916,123.2528314590454
549,23,21,108.90252685546876,74.70000826425,123.06350028514862,105.05398035049438,104.37446641921996
550,23,22,86.72738647460938,74.70000826425,107.34648180007936,93.97618746757507,93.53580451011658
551,23,23,76.21466827392578,74.70000826425,98.66028499603271,104.1917518377304,110.79405844211578
552,24,0,65.55046844482422,56.39540272062501,91.8323825597763,89.81920778751373,87.81902074813843
553,24,1,63.120826721191406,56.39540272062501,74.82320374250412,89.71942833065987,79.02368041872978
554,24,2,58.34004211425781,56.39540272062501,93.6998289823532,94.65000405907632,88.10640728473663
555,24,3,61.72479248046875,56.39540272062501,94.8100882768631,99.2143213748932,100.70968639850616
556,24,4,56.76226043701172,56.39540272062501,88.63606798648834,105.08746135234831,68.63714170455933
557,24,5,61.94600677490234,56.39540272062501,108.23853719234468,99.07103151082993,102.56459307670592
558,24,6,66.84061431884766,56.39540272062501,112.46152871847153,112.90635859966278,105.04937672615053
559,24,7,86.1339111328125,56.39540272062501,122.40425950288773,124.00100392103197,132.07341073453426
560,24,8,104.4297332763672,56.39540272062501,91.83937191963196,96.05820786952972,84.57406136393547
561,24,9,89.9525375366211,56.39540272062501,79.38525375723839,90.70592427253725,73.8344224691391
562,24,10,88.320068359375,56.39540272062501,66.51160225272179,91.8900041282177,82.67925363779068
563,24,11,88.97261047363281,56.39540272062501,54.96822252869606,74.78007727861404,66.74129271507263
564,24,12,77.23699188232422,56.39540272062501,14.04737412929535,24.880457818508148,51.38525104522705
565,24,13,71.8266830444336,56.39540272062501,-3.0755244493484497,0.1747162342071533,28.867005109786987
566,24,14,72.27050018310547,56.39540272062501,33.10102331638336,21.06100988388061,25.73811376094818
567,24,15,71.51478576660156,56.39540272062501,59.60179263353348,84.10865134000778,89.87530672550201
568,24,16,83.40531158447266,56.39540272062501,101.16182643175124,107.7894392311573,110.97355809807776
569,24,17,90.6829071044922,56.39540272062501,111.62444019317628,129.81147611141205,129.06391847133636
570,24,18,92.07001495361328,56.39540272062501,128.8537653684616,130.0647748708725,142.48257458209991
571,24,19,101.17274475097656,56.39540272062501,137.19264423847198,138.97054171562195,153.52455854415894
572,24,20,109.0721435546875,56.39540272062501,137.67764580249786,113.92936670780182,130.65275728702545
573,24,21,96.71416473388672,56.39540272062501,142.06759333610535,142.63858824968338,130.52455401420593
574,24,22,101.97296142578124,56.39540272062501,142.7037980556488,121.2305349111557,128.15334951877594
575,24,23,99.4674072265625,56.39540272062501,124.80225086212158,129.0352679491043,130.00346779823303
576,25,0,85.63368225097656,67.16472042141667,125.3461742401123,122.32923293113708,120.14170181751253
577,25,1,86.78080749511719,67.16472042141667,117.1028983592987,111.9174815416336,140.18063163757324
578,25,2,84.19383239746094,67.16472042141667,129.1103673577309,124.77544903755188,125.99540030956268
579,25,3,85.22274780273438,67.16472042141667,135.33477425575256,118.13158345222472,125.10259997844696
580,25,4,86.21466827392578,67.16472042141667,120.27865421772005,126.22445341944696,128.90840482711792
581,25,5,87.45732879638672,67.16472042141667,120.25946778059006,129.92849969863892,112.77856922149658
582,25,6,89.74970245361328,67.16472042141667,122.62425369024275,120.11077547073364,112.24794507026672
583,25,7,103.18148803710938,67.16472042141667,135.37521544098854,125.02647948265076,112.22435450553894
584,25,8,116.07111358642578,67.16472042141667,119.78794637322426,107.9041518047452,120.2326021194458
585,25,9,109.68196105957033,67.16472042141667,117.22674429416656,106.5781990289688,108.2660858631134
586,25,10,105.14049530029295,67.16472042141667,104.87939997017384,133.03100979328156,98.2614871263504
587,25,11,102.97076416015624,67.16472042141667,129.52374649047852,143.2231022119522,119.94519084692
588,25,12,113.5938949584961,67.16472042141667,110.94354057312012,113.5275533348322,94.53868907690048
589,25,13,97.8433837890625,67.16472042141667,105.94194427132608,113.94201350212096,113.63479268550871
590,25,14,95.85651397705078,67.16472042141667,100.65901744365692,99.22918424010275,82.96685564517975
591,25,15,99.51668548583984,67.16472042141667,124.0448481440544,104.90023601055144,88.20356422662735
592,25,16,106.05233764648438,67.16472042141667,115.26055008172987,104.99975174665452,108.40961539745332
593,25,17,100.56053924560548,67.16472042141667,110.45668816566469,114.32002460956572,119.16067576408386
594,25,18,100.9936065673828,67.16472042141667,89.44789516925812,110.30474376678468,141.55558466911316
595,25,19,97.7069854736328,67.16472042141667,96.53120255470276,98.71276408433914,107.54479801654816
596,25,20,88.34217834472656,67.16472042141667,102.47869575023653,88.97216045856476,126.23986411094666
597,25,21,90.41997528076172,67.16472042141667,96.86085605621338,90.7029309272766,95.15988171100616
598,25,22,83.19083404541016,67.16472042141667,98.4922046661377,117.63671565055849,112.00549006462096
599,25,23,71.2773208618164,67.16472042141667,99.43726646900176,84.8164519071579,89.91437983512878
600,26,0,67.37345886230469,43.94522550337499,99.67004632949828,90.04914504289627,95.68601787090302
601,26,1,63.84556198120117,43.94522550337499,93.73644840717316,94.15465840697289,85.921442091465
602,26,2,60.17731857299805,43.94522550337499,104.72264391183852,103.96818119287492,101.46374726295473
603,26,3,62.00618743896485,43.94522550337499,109.44711339473724,89.74927580356598,88.56148558855057
604,26,4,65.9410171508789,43.94522550337499,111.98081851005554,119.21051633358002,95.868421792984
605,26,5,76.85906982421875,43.94522550337499,96.27386593818665,109.70918536186218,121.5063782930374
606,26,6,95.94356536865234,43.94522550337499,80.32186029851437,93.6261260509491,84.40686589479446
607,26,7,85.6943588256836,43.94522550337499,64.17577660083771,42.18457245826721,59.75869782269001
608,26,8,76.64930725097656,43.94522550337499,43.70436429977417,21.060991048812863,28.493947684764866
609,26,9,67.25695037841797,43.94522550337499,42.70963668823242,43.67322647571564,28.15654718875885
610,26,10,66.7115478515625,43.94522550337499,-34.15706968307495,-30.275739669799805,-26.67227709293365
611,26,11,63.73787689208984,43.94522550337499,-67.5983669757843,-56.415897369384766,-59.4345360994339
612,26,12,56.82986831665039,43.94522550337499,-41.55705142021179,-42.87461352348328,-37.97441875934601
613,26,13,59.84050369262695,43.94522550337499,15.684264719486237,10.562895476818085,-6.398445904254913
614,26,14,51.43248748779297,43.94522550337499,34.81761592626572,56.050188302993774,57.675823390483856
615,26,15,56.18617248535156,43.94522550337499,56.4264839887619,85.93011909723282,92.20944647490978
616,26,16,61.65559005737305,43.94522550337499,71.9438259974122,79.5072115957737,99.16921520233154
617,26,17,71.52601623535156,43.94522550337499,80.50563097000122,106.8154963850975,87.07706093788147
618,26,18,79.42514038085938,43.94522550337499,78.2571530342102,85.16461664438248,91.81829422712326
619,26,19,83.78487396240234,43.94522550337499,92.12738156318665,105.18588703870772,107.63445031642914
620,26,20,84.33199310302734,43.94522550337499,99.8105673789978,76.36854255199432,110.34986585378648
621,26,21,80.40995788574219,43.94522550337499,98.51463711261748,85.47545850276947,97.77354538440704
622,26,22,79.70075988769531,43.94522550337499,116.71637058258057,91.26010596752168,102.62058544158936
623,26,23,75.89934539794922,43.94522550337499,106.25188648700714,102.2600735127926,105.77679431438446
624,27,0,83.96126556396484,43.08930080841666,113.39745926856996,116.0994227528572,113.86033093929292
625,27,1,77.08153533935547,43.08930080841666,97.38078117370604,112.26084899902344,123.60941481590272
626,27,2,68.44178009033203,43.08930080841666,101.11840629577635,84.00159239768982,132.8144133090973
627,27,3,70.2724838256836,43.08930080841666,100.08900451660156,111.87624454498292,114.68673706054688
628,27,4,73.56526947021484,43.08930080841666,112.4525396823883,99.0066510438919,114.67672669887544
629,27,5,82.98435974121094,43.08930080841666,124.26848077774048,106.7389464378357,139.5054565668106
630,27,6,113.1918716430664,43.08930080841666,115.0783643424511,115.26713874936104,119.70446145534515
631,27,7,108.53520965576172,43.08930080841666,78.51078569889069,75.44508647918701,59.34475243091583
632,27,8,92.75623321533205,43.08930080841666,26.73549211025238,27.167901158332825,-0.3021727800369262
633,27,9,95.8299560546875,43.08930080841666,-25.961166977882385,-30.07331776618957,-54.35282278060913
634,27,10,70.29268646240234,43.08930080841666,-21.633050560951236,-20.722376465797424,-50.0375189781189
635,27,11,90.49623107910156,43.08930080841666,-62.58604061603546,-65.74041819572449,-53.18106973171234
636,27,12,54.60398864746094,43.08930080841666,-90.86776995658876,-79.26605200767517,-87.77813053131104
637,27,13,45.6706657409668,43.08930080841666,-77.20243179798126,-97.37803423404694,-75.51454162597656
638,27,14,37.57068634033203,43.08930080841666,-56.539565443992615,-41.91022026538849,-42.84805691242218
639,27,15,37.34244537353516,43.08930080841666,-0.4262188673019409,-14.356436848640442,18.97878873348236
640,27,16,40.79481887817383,43.08930080841666,54.243380934000015,91.83470129966736,64.26920588314533
641,27,17,59.14645767211914,43.08930080841666,68.38374292850494,90.33976650238036,87.36228048801422
642,27,18,66.43269348144531,43.08930080841666,75.0077314376831,94.8794001340866,101.60693070292471
643,27,19,68.61099243164062,43.08930080841666,108.57234013080596,114.95334243774414,128.15402907133102
644,27,20,90.6253890991211,43.08930080841666,98.0778295993805,107.97652006149292,89.56915199756622
645,27,21,70.80877685546875,43.08930080841666,91.46706926822662,72.46738702058792,74.96682089567184
646,27,22,60.309940338134766,43.08930080841666,83.40150272846222,87.20611310005188,63.191535234451294
647,27,23,55.37886047363281,43.08930080841666,80.72389364242554,74.35633361339569,55.88338887691498
648,28,0,48.01895904541016,37.13403659316667,95.34381818771362,65.50315302610397,57.04109585285187
649,28,1,49.64427185058594,37.13403659316667,86.0181225836277,68.1181728541851,77.509024143219
650,28,2,49.4245719909668,37.13403659316667,86.11013722419739,78.42794215679169,84.12602809071541
651,28,3,56.1657829284668,37.13403659316667,87.9734503030777,79.1363912820816,79.95342189073563
652,28,4,52.318660736083984,37.13403659316667,99.78717374801636,118.28160083293916,127.1596213579178
653,28,5,82.95731353759766,37.13403659316667,89.2734524011612,97.17913377285004,73.77236127853394
654,28,6,68.45673370361328,37.13403659316667,91.8797023743391,103.00733065605164,108.83548444509506
655,28,7,80.92890167236328,37.13403659316667,77.22492671012878,87.07326981425285,72.96245720982552
656,28,8,73.29077911376953,37.13403659316667,62.87882196903229,61.23567998409271,84.58585631847382
657,28,9,72.48133087158203,37.13403659316667,15.408320665359495,8.13543426990509,22.162503004074097
658,28,10,71.1778335571289,37.13403659316667,4.9256651401519775,15.435392439365389,-15.274034798145294
659,28,11,55.6254768371582,37.13403659316667,-80.80504286289215,-72.0074337720871,-88.83851861953735
660,28,12,54.22614669799805,37.13403659316667,-56.51479387283325,-56.41425395011902,-39.47285389900208
661,28,13,54.84560012817383,37.13403659316667,-99.34258222579956,-81.42685866355896,-65.41416192054749
662,28,14,35.35093688964844,37.13403659316667,-60.024400651454926,-53.0406476855278,-31.58391642570496
663,28,15,38.91915130615234,37.13403659316667,11.130613803863524,8.75972706079483,25.246723890304565
664,28,16,38.082401275634766,37.13403659316667,48.90918034315109,60.46573281288147,61.125509321689606
665,28,17,45.66998672485352,37.13403659316667,54.07828068733215,68.99399697780609,72.54243731498718
666,28,18,47.45465469360352,37.13403659316667,75.74993920326233,65.06912785768509,93.5505279302597
667,28,19,55.8582763671875,37.13403659316667,83.30043888092041,74.74048519134521,82.6950055360794
668,28,20,59.30848693847656,37.13403659316667,84.60794657468796,56.77056795358658,73.04645621776581
669,28,21,52.70151901245117,37.13403659316667,67.94311916828156,53.96374726295471,68.01292127370834
670,28,22,44.04988479614258,37.13403659316667,60.66540306806564,58.05249685049057,44.06902003288269
