hour,baseline_load,rbc_load,target_load,rbc_diff,baseline_diff
0,222.66621,222.66620349884033,191.27918790891667,31.387015589923664,31.387026080341144
1,231.77142,231.77142477035522,191.27918790891667,40.492236861438556,40.49223543092708
2,236.36754,236.36754369735718,191.27918790891667,45.08835578844051,45.08835054323177
3,247.04242,247.0424246788025,191.27918790891667,55.76323676988582,55.76323152467708
4,244.61238,244.61236763000488,191.27918790891667,53.333179721088214,53.333193072528644
5,262.67545,262.6754517555237,191.27918790891667,71.39626384660701,71.39625764772396
6,292.05228,340.0642695426941,191.27918790891667,148.78508163377742,100.77308870241146
7,292.32388,340.2410750389099,191.27918790891667,148.96188712999324,101.04469514772396
8,272.24664,320.07000494003296,191.27918790891667,128.7908170311163,80.96745515748958
9,191.11903,238.84956169128418,191.27918790891667,47.57037378236751,-0.16015409544010595
10,96.963646,144.6022927761078,191.27918790891667,-46.67689513280888,-94.31554197385807
11,56.094406,103.64213824272156,191.27918790891667,-87.63704966619511,-135.18478178098698
12,44.455273,91.91303181648254,191.27918790891667,-99.36615609243412,-146.82391523435612
13,66.80676,114.17548179626465,191.27918790891667,-77.10370611265202,-124.47242521360417
14,89.50587,136.78647828102112,191.27918790891667,-54.49270962789555,-101.77332090452214
15,227.09857,192.77716827392578,191.27918790891667,1.4979803650091128,35.81938386842708
16,272.55103,238.208514213562,191.27918790891667,46.92932630464534,81.27183748170833
17,285.3212,250.9576153755188,191.27918790891667,59.67842746660213,94.04200960084896
18,283.9216,249.53696250915527,191.27918790891667,58.257774600238605,92.6424124328802
19,282.45047,248.0448293685913,191.27918790891667,56.76564145967464,91.17128206178646
20,283.7228,250.2564549446106,191.27918790891667,58.97726703569393,92.44362092897396
21,268.90414,239.4459571838379,191.27918790891667,48.16676927492122,77.6249563781927
22,258.44345,233.63402700424194,191.27918790891667,42.354839095325275,67.1642630188177
23,256.83163,234.1807622909546,191.27918790891667,42.90157438203792,65.5524466125677
24,258.6507,241.05622386932373,157.91577805208334,83.14044581724039,100.73491774869791
25,253.66472,236.72604608535767,157.91577805208334,78.81026803327433,95.74894057584635
26,255.6999,243.00647735595703,157.91577805208334,85.09069930387369,97.78412734342447
27,253.08064,249.83196449279785,157.91577805208334,91.91618644071451,95.16486464811197
28,257.0413,257.04128646850586,157.91577805208334,99.12550841642252,99.12551223111979
29,268.65118,268.651198387146,157.91577805208334,110.73542033506266,110.73540602994791
30,133.82886,181.7176468372345,157.91577805208334,23.801868785151157,-24.08692063020834
31,136.9851,184.78040552139282,157.91577805208334,26.864627469309482,-20.93067063020834
32,132.56413,180.26691269874573,157.91577805208334,22.351134646662388,-25.351645361653652
33,91.99495,139.6061863899231,157.91577805208334,-18.309591662160244,-65.92082871126303
34,28.604147,76.1247820854187,157.91577805208334,-81.79099596666464,-129.31163109468588
35,33.986794,81.41777539253235,157.91577805208334,-76.49800265955099,-123.92898453401693
36,61.17673,108.51898956298828,157.91577805208334,-49.39678848909506,-96.7390469424642
37,76.606094,123.67170310020447,157.91577805208334,-34.24407495187887,-81.30968369173178
38,80.674706,124.97039747238159,157.91577805208334,-32.94538057970175,-77.24107254671225
39,247.5778,214.7543706893921,157.91577805208334,56.83859263730875,89.66202651334635
40,268.8738,234.7030110359192,157.91577805208334,76.78723298383585,110.95803176236979
41,289.5409,255.2058720588684,157.91577805208334,97.29009400678507,131.62511550260416
42,296.303,261.94690322875977,157.91577805208334,104.03112517667643,138.38723098111979
43,289.5903,255.21312713623047,157.91577805208334,97.29734908414713,131.67452346158854
44,280.6775,246.279287815094,157.91577805208334,88.36350976301065,122.76171218229166
45,276.75317,242.33394527435303,157.91577805208334,84.41816722226969,118.83739577604166
46,270.1273,237.8158564567566,157.91577805208334,79.90007840467325,112.21151076627604
47,259.88055,234.96612310409546,157.91577805208334,77.05034505201212,101.96477614713541
48,253.75099,230.479971408844,92.358531974375,138.12143943446898,161.39245984691405
49,258.1566,239.2614574432373,92.358531974375,146.9029254688623,165.79805371898436
50,254.31999,237.29492330551147,92.358531974375,144.93639133113646,161.96146009105468
51,264.87445,259.8445053100586,92.358531974375,167.48597333568358,172.51591870921874
52,254.29066,254.2906732559204,92.358531974375,161.9321412815454,161.93213269847655
53,260.25385,260.25385093688965,92.358531974375,167.89531896251464,167.89531324046874
54,136.60371,184.49171829223633,92.358531974375,92.13318631786133,44.245182014882815
55,135.63794,183.43247413635254,92.358531974375,91.07394216197754,43.27940747875
56,146.3418,194.04383516311646,92.358531974375,101.68530318874146,53.983264900625
57,83.74453,131.35501098632812,92.358531974375,38.99647901195313,-8.614002250253904
58,40.22537,87.74526691436768,92.358531974375,-4.613265060007322,-52.13316347461914
59,36.842163,84.27241230010986,92.358531974375,-8.086119674265134,-55.5163688884375
60,8.213372,55.554906606674194,92.358531974375,-36.8036253677008,-84.14515974384521
61,13.90946,60.9705855846405,92.358531974375,-31.387946389734495,-78.44907190662597
62,57.100677,101.3705643415451,92.358531974375,9.012032367170107,-35.25785448414062
63,231.16321,198.3440339565277,92.358531974375,105.98550198215271,138.8046760334375
64,271.86115,237.6906418800354,92.358531974375,145.3321099056604,179.50261304515624
65,277.4016,243.0667815208435,92.358531974375,150.7082495464685,185.04307935375
66,280.25854,245.9026575088501,92.358531974375,153.54412553447509,187.9000129475
67,283.78003,249.4030613899231,92.358531974375,157.04452941554808,191.4214973225
68,284.99762,250.59962844848633,92.358531974375,158.24109647411132,192.63908765453124
69,284.57095,250.15191411972046,92.358531974375,157.79338214534545,192.2124213947656
70,265.51266,233.12889099121094,92.358531974375,140.77035901683593,173.15413282054686
71,260.32944,235.39398670196533,92.358531974375,143.03545472759032,167.97090528148436
72,253.13243,229.8460612297058,109.92752198225,119.91853924745581,143.20490904802344
73,253.12787,234.2231330871582,109.92752198225,124.2956111049082,143.20034667009375
74,253.59819,236.57314825057983,109.92752198225,126.64562626832983,143.6706683253672
75,253.57722,248.53984880447388,109.92752198225,138.61232682222388,143.6497027491953
76,257.8837,257.88369131088257,109.92752198225,147.95616932863257,147.95617552751563
77,271.52087,271.52090406417847,109.92752198225,161.59338208192847,161.5933520411875
78,122.11183,169.99972939491272,109.92752198225,60.07220741266272,12.184309682789063
79,129.71841,177.5128366947174,109.92752198225,67.58531471246741,19.790892324390626
80,140.76614,188.46805953979492,109.92752198225,78.54053755754492,30.838621816578126
81,125.51981,173.13020086288452,109.92752198225,63.20267888063452,15.592291555347657
82,119.51949,167.03929162025452,109.92752198225,57.11176963800452,9.591971120777345
83,93.666145,141.0962998867035,109.92752198225,31.168777904453492,-16.261376657542968
84,111.9063,159.24773693084717,109.92752198225,49.32021494859717,1.9787814235117196
85,113.0957,160.1567301750183,109.92752198225,50.22920819276831,3.168181142750001
86,105.056206,149.32345128059387,109.92752198225,39.39592929834387,-4.87131623273828
87,266.1869,233.36671447753906,109.92752198225,123.43919249528906,156.2593676661875
88,278.12738,243.95675039291382,109.92752198225,134.02922841066382,168.19985838884375
89,288.9637,254.62891626358032,109.92752198225,144.70139428133032,179.03619261735938
90,282.91318,248.55727005004883,109.92752198225,138.62974806779883,172.98565550798438
91,286.52005,252.14311408996582,109.92752198225,142.21559210771582,176.59252806657813
92,294.21725,259.81923627853394,109.92752198225,149.89171429628394,184.28973265642188
93,292.86057,258.4415340423584,109.92752198225,148.5140120601084,182.93304320329688
94,262.9958,230.61240530014038,109.92752198225,120.68488331789038,153.06826659196875
95,256.8742,231.938871383667,109.92752198225,122.011349401417,146.94668456071875
96,253.1158,229.82949304580688,167.44262346083335,62.38686958497354,85.67317548936197
97,258.51038,239.60355281829834,167.44262346083335,72.160929357465,91.06775251572915
98,254.90176,237.87670135498047,167.44262346083335,70.43407789414712,87.45914045518228
99,253.01149,247.9773416519165,167.44262346083335,80.53471819108316,85.56886640733072
100,256.04306,256.04307317733765,167.44262346083335,88.6004497165043,88.60043684190103
101,257.58765,257.5876612663269,167.44262346083335,90.14503780549356,90.14502302354165
102,130.36003,178.24784445762634,167.44262346083335,10.805220996792997,-37.08259233290366
103,148.59918,196.39351606369019,167.44262346083335,28.95089260285684,-18.843441331927096
104,139.32425,187.02610182762146,167.44262346083335,19.583478366788114,-28.11837419325522
105,84.470345,132.0806438922882,167.44262346083335,-35.36197956854514,-82.97227891737631
106,47.929123,95.4488456249237,167.44262346083335,-71.99377783590964,-119.51350053602866
107,30.56081,77.99088418483734,167.44262346083335,-89.451739275996,-136.88181337172202
108,45.80443,93.14578819274902,167.44262346083335,-74.29683526808432,-121.63819536024741
109,45.856388,92.91734111309052,167.44262346083335,-74.52528234774283,-121.58623536879233
110,78.40093,122.66555714607239,167.44262346083335,-44.77706631476096,-89.04169114882163
111,233.99908,201.17795133590698,167.44262346083335,33.73532787507364,66.5564610118229
112,277.68268,243.51190996170044,167.44262346083335,76.0692865008671,110.2400547618229
113,285.77853,251.44373226165771,167.44262346083335,84.00110880082437,118.33591047471353
114,286.39453,252.03861093521118,167.44262346083335,84.59598747437784,118.95190778916665
115,314.15887,279.78190755844116,167.44262346083335,112.33928409760782,146.7162510508854
116,283.95383,249.5558385848999,167.44262346083335,82.11321512406656,116.51120344346353
117,279.41705,244.99803924560547,167.44262346083335,77.55541578477212,111.9744297618229
118,264.18964,231.80622816085815,167.44262346083335,64.36360470002481,96.7470127696354
119,254.9644,230.02909469604492,167.44262346083335,62.586471235211576,87.52177778428384
120,254.84534,231.5590376853943,194.970146885,36.588890800394296,59.87519002906251
121,253.7098,234.790864944458,194.970146885,39.82071805945802,58.73964620582032
122,254.03697,237.0119104385376,194.970146885,42.041763553537606,59.066825160898446
123,256.01407,250.98310947418213,194.970146885,56.01296258918214,61.043921718515634
124,256.71683,256.7168273925781,194.970146885,61.746680507578134,61.746680507578134
125,272.51862,272.51863050460815,194.970146885,77.54848361960816,77.54846883765626
126,126.37774,174.26556587219238,194.970146885,-20.70458101280761,-68.59240793236327
127,147.03108,194.82542824745178,194.970146885,-0.14471863754820902,-47.93906473167968
128,133.32782,181.02965307235718,194.970146885,-13.940493812642814,-61.64232706078124
129,116.828865,164.4391691684723,194.970146885,-30.5309777165277,-78.14128183373046
130,58.859833,106.37955069541931,194.970146885,-88.59059618958068,-136.11031412132812
131,35.469666,82.89973735809326,194.970146885,-112.07040952690673,-159.50048135765624
132,16.304226,63.64558446407318,194.970146885,-131.3245624209268,-178.66592096336913
133,49.551003,96.61195611953735,194.970146885,-98.35819076546264,-145.41914438255858
134,81.47909,125.74115324020386,194.970146885,-69.22899364479613,-113.49105905541015
135,273.36298,240.54086828231812,194.970146885,45.570721397318124,78.39282918921876
136,285.90918,251.738299369812,194.970146885,56.76815248481202,90.93903280250001
137,290.41983,256.0850238800049,194.970146885,61.11487699500489,95.44968343726563
138,281.8004,247.44453239440918,194.970146885,52.47438550940919,86.83026815406251
139,296.20084,261.82389879226685,194.970146885,66.85375190726685,101.23068929664063
140,285.11984,250.72184371948242,194.970146885,55.75169683448243,90.14969564429688
141,282.02896,247.60996961593628,194.970146885,52.63982273093629,87.05881429664063
142,288.39435,256.01096773147583,194.970146885,61.04082084647584,93.42420125953126
143,261.93417,236.99885177612305,194.970146885,42.028704891123056,66.96402669898438
144,258.46365,235.177348613739,173.65837538125,61.518973232489,84.80527818320311
145,255.26756,236.34875011444092,173.65837538125,62.69037473319091,81.60918748496093
146,254.05577,237.03071069717407,173.65837538125,63.37233531592406,80.39739549277343
147,253.01118,247.98337936401367,173.65837538125,74.32500398276366,79.3528093111328
148,255.47548,255.47547054290771,173.65837538125,81.8170951616577,81.81710374472655
149,264.16565,264.16565227508545,173.65837538125,90.50727689383544,90.50727403281249
150,135.92586,183.81367778778076,173.65837538125,10.155302406530751,-37.7325178373047
151,140.5703,188.36465096473694,173.65837538125,14.706275583486928,-33.08807814003907
152,115.297,162.99884748458862,173.65837538125,-10.659527896661388,-58.36137831093751
153,53.296246,100.90655207633972,173.65837538125,-72.75182330491029,-120.36212980629884
154,19.365284,66.88500332832336,173.65837538125,-106.77337205292665,-154.29309141518556
155,10.339194,57.76926851272583,173.65837538125,-115.88910686852418,-163.31918108345948
156,25.099567,72.44092750549316,173.65837538125,-101.21744787575685,-148.55880796791993
157,28.303024,75.36397910118103,173.65837538125,-98.29439628006898,-145.35535108925782
158,35.6711,79.93061304092407,173.65837538125,-93.72776234032594,-137.98727476479493
159,207.02818,174.20507884025574,173.65837538125,0.5467034590057267,33.36980760214843
160,267.52008,233.34903812408447,173.65837538125,59.69066274283446,93.86170518515624
161,278.02097,243.68615674972534,173.65837538125,70.02778136847533,104.36259019492186
162,278.0048,243.64889430999756,173.65837538125,69.99051892874755,104.34641587851561
163,280.0624,245.685453414917,173.65837538125,72.02707803366698,106.40403306601561
164,286.4445,252.04649877548218,173.65837538125,78.38812339423217,112.78611314414061
165,305.03122,270.61222743988037,173.65837538125,96.95385205863036,131.37284410117186
166,263.66855,231.28518533706665,173.65837538125,57.62680995581664,90.01017320273436
167,264.7997,239.8643889427185,173.65837538125,66.2060135614685,91.14133775351561
168,254.61095,231.32463264465332,92.48814254075,138.83649010390332,162.12280411452343
169,253.38658,234.46775817871094,92.48814254075,141.97961563796093,160.89843888014843
170,253.21661,236.1915578842163,92.48814254075,143.7034153434663,160.72847122878125
171,253.57439,248.54976081848145,92.48814254075,156.06161827773144,161.08624405592968
172,261.3442,261.34422063827515,92.48814254075,168.85607809752514,168.85606522292187
173,275.0365,275.0365138053894,92.48814254075,182.5483712646394,182.5483564826875
174,130.71655,178.60437393188477,92.48814254075,86.11623139113476,38.228410193624995
175,139.45103,187.24538803100586,92.48814254075,94.75724549025585,46.96289200514843
176,140.0173,187.71913981437683,92.48814254075,95.23099727362683,47.52916092604687
177,123.172745,170.78305411338806,92.48814254075,78.29491157263806,30.684602210226558
178,111.07957,158.59929251670837,92.48814254075,66.11114997595837,18.5914244148164
179,84.4343,131.8643753528595,92.48814254075,39.37623281210949,-8.053839257058598
180,109.36157,156.70293164253235,92.48814254075,64.21478910178234,16.873429724874995
181,106.0991,153.16005849838257,92.48814254075,60.671915957632564,13.610955664816402
182,118.26891,162.52587270736694,92.48814254075,70.03773016661694,25.780770728292964
183,275.82727,243.003182888031,92.48814254075,150.515040347281,183.3391279670625
184,284.5638,250.39264702796936,92.48814254075,157.90450448721936,192.07566971510937
185,270.9216,236.5867805480957,92.48814254075,144.0986380073457,178.43345780104687
186,286.30508,251.94916582107544,92.48814254075,159.46102328032543,193.81694168776562
187,281.9898,247.61284017562866,92.48814254075,155.12469763487866,189.50166458815625
188,275.34805,240.9500527381897,92.48814254075,148.4619101974397,182.85991043776562
189,275.7189,241.29986810684204,92.48814254075,148.81172556609204,183.23076004714062
190,263.74887,231.36550664901733,92.48814254075,138.87736410826733,171.26072830885937
191,260.3951,235.45980262756348,92.48814254075,142.97166008681347,167.90696854323437
192,253.64442,230.3581199645996,64.98967732558334,165.36844263901628,188.65474711289323
193,253.35258,234.4337649345398,64.98967732558334,169.44408760895647,188.36290751328386
194,254.20534,237.18027782440186,64.98967732558334,172.19060049881853,189.21566019883073
195,254.2825,249.26105260849,64.98967732558334,184.27137528290666,189.2928238951198
196,264.0347,264.03472566604614,64.98967732558334,199.0450483404628,199.0450211607448
197,261.5584,261.55841302871704,64.98967732558334,196.5687357031337,196.56873331894792
198,154.75507,202.6428780555725,64.98967732558334,137.65320072998918,89.7653885923854
199,128.92882,176.7231731414795,64.98967732558334,111.73349581589615,63.939140423440094
200,134.49857,182.20041179656982,64.98967732558334,117.21073447098648,69.50888834824478
201,120.68065,168.29095911979675,64.98967732558334,103.30128179421341,55.690971478127594
202,26.634535,74.1542534828186,64.98967732558334,9.16457615723526,-38.355142489767914
203,7.035453,54.46552574634552,64.98967732558334,-10.524151579237824,-57.95422448287094
204,47.50344,94.84479832649231,64.98967732558334,29.855121000908966,-17.48623646864975
205,82.101,129.16195368766785,64.98967732558334,64.1722763620845,17.111320599221344
206,92.55385,136.80824446678162,64.98967732558334,71.81856714119827,27.56417094101822
207,254.9182,222.09315466880798,64.98967732558334,157.10347734322465,189.9285203062526
208,278.5706,244.39926719665527,64.98967732558334,179.40958987107194,213.5809098326198
209,279.005,244.67018461227417,64.98967732558334,179.68050728669084,214.01532755722917
210,278.5282,244.17228269577026,64.98967732558334,179.18260537018693,213.53852091660417
211,289.52835,255.1514129638672,64.98967732558334,190.16173563828386,224.5386735044948
212,288.4408,254.04280996322632,64.98967732558334,189.053132637643,223.45111857285417
213,287.54437,253.12538480758667,64.98967732558334,188.13570748200334,222.55469523301042
214,263.4551,231.0717158317566,64.98967732558334,166.08203850617326,198.4654313169948
215,263.9853,239.0499997138977,64.98967732558334,174.06032238831438,198.99561320176042
216,253.23958,229.9532914161682,76.54325025749999,153.4100411586682,176.6963279895703
217,253.14687,234.22802877426147,76.54325025749999,157.68477851676147,176.60361558722656
218,254.2967,237.27164220809937,76.54325025749999,160.72839195059936,177.7534568958203
219,259.8514,254.83314085006714,76.54325025749999,178.28989059256713,183.30815965460937
220,259.20734,259.2073349952698,76.54325025749999,182.66408473776977,182.66408616828124
221,263.3567,263.35668420791626,76.54325025749999,186.81343395041625,186.813439195625
222,122.21764,170.10547065734863,76.54325025749999,93.56222039984864,45.67439348029298
223,135.4337,183.22804284095764,76.54325025749999,106.68479258345765,58.890450304023446
224,106.035645,153.73748898506165,76.54325025749999,77.19423872756165,29.49239427375001
225,76.82201,124.4323136806488,76.54325025749999,47.88906342314881,0.27875596808594594
226,44.074417,91.59413647651672,76.54325025749999,15.050886219016732,-32.46883314324218
227,15.904963,63.335036516189575,76.54325025749999,-13.208213741310416,-60.63828771782714
228,33.302868,80.64422988891602,76.54325025749999,4.100979631416024,-43.240382368095695
229,31.427021,78.48797392845154,76.54325025749999,1.9447236709515465,-45.11622923088866
230,26.555593,70.8074369430542,76.54325025749999,-5.735813314445792,-49.987656766899406
231,208.22948,175.40345764160156,76.54325025749999,98.86020738410157,131.68622667121093
232,273.30014,239.12867879867554,76.54325025749999,162.58542854117553,196.75689012335937
233,286.28226,251.94743633270264,76.54325025749999,175.40418607520263,209.73900682257812
234,284.43716,250.08126783370972,76.54325025749999,173.5380175762097,207.89391404914062
235,296.81323,262.4362587928772,76.54325025749999,185.8930085353772,220.269982164375
236,287.40033,253.00236797332764,76.54325025749999,176.45911771582763,210.85707933234374
237,272.9416,238.52257108688354,76.54325025749999,161.97932082938354,196.39833909796874
238,268.31342,235.9299921989441,76.54325025749999,159.3867419414441,191.77016526984374
239,259.35602,234.42070150375366,76.54325025749999,157.87745124625366,182.81276780890624
240,256.91205,233.62573957443237,54.10067739013584,179.52506218429653,202.8113709497079
241,256.95544,238.0366406440735,54.10067739013584,183.93596325393764,202.85476694580166
242,260.22147,243.19640159606934,54.10067739013584,189.0957242059335,206.12078867431728
243,253.93245,248.91735744476318,54.10067739013584,194.81668005462734,199.83177195068447
244,264.08636,264.08636569976807,54.10067739013584,209.98568830963222,209.9856873559579
245,256.60245,256.60246086120605,54.10067739013584,202.5017834710702,202.50177011962978
246,138.4383,186.3261148929596,54.10067739013584,132.22543750282375,84.33761606689541
247,132.98131,180.77564907073975,54.10067739013584,126.6749716806039,78.8806305932626
248,134.30826,182.0101134777069,54.10067739013584,127.90943608757107,80.20758066650478
249,116.68312,164.29342770576477,54.10067739013584,110.19275031562893,62.58244333740322
250,118.701904,166.22162771224976,54.10067739013584,112.12095032211391,64.60122690673916
251,112.24031,159.6703863143921,54.10067739013584,105.56970892425625,58.13963327880947
252,99.96003,147.3013858795166,54.10067739013584,93.20070848938076,45.85935221191494
253,103.36316,150.42411494255066,54.10067739013584,96.32343755241482,49.26248178955166
254,127.03653,171.28581762313843,54.10067739013584,117.18514023300258,72.93585215087978
255,259.49164,226.66463255882263,54.10067739013584,172.5639551686868,205.3909607934579
256,278.12845,243.95685577392578,54.10067739013584,189.85617838378994,224.02777109619228
257,287.02164,252.68681144714355,54.10067739013584,198.5861340570077,232.92095957275478
258,288.64542,254.28955221176147,54.10067739013584,200.18887482162563,234.54473886962978
259,287.83292,253.45595264434814,54.10067739013584,199.3552752542123,233.73223886962978
260,284.70123,250.30324935913086,54.10067739013584,196.20257196899502,230.6005555200204
261,304.2161,269.79707956314087,54.10067739013584,215.69640217300503,250.11541758056728
262,286.6866,254.30324125289917,54.10067739013584,200.20256386276333,232.58593760009853
263,261.23254,236.29723739624023,54.10067739013584,182.1965600061044,207.13186655517666
264,256.0888,232.8024868965149,40.3079187559375,192.4945681405774,215.78088739640626
265,253.22852,234.30969333648682,40.3079187559375,194.00177458054932,212.9205968690625
266,257.7929,240.76786088943481,40.3079187559375,200.45994213349732,217.48498895890626
267,256.5846,251.5726933479309,40.3079187559375,211.26477459199342,216.276675970625
268,257.87332,257.873348236084,40.3079187559375,217.5654294801465,217.56540277726563
269,261.27,261.2699999809265,40.3079187559375,220.96208122498902,220.96207025773438
270,134.5004,182.38821864128113,40.3079187559375,142.08029988534363,94.19247797257813
271,140.64194,188.43628859519958,40.3079187559375,148.1283698392621,100.33401849992188
272,131.2198,178.9216558933258,40.3079187559375,138.6137371373883,90.91188410050782
273,123.791245,171.40155220031738,40.3079187559375,131.0936334443799,83.48332575089844
274,110.26096,157.78069305419922,40.3079187559375,117.47277429826173,69.95304468400391
275,121.03976,168.46983218193054,40.3079187559375,128.16191342599305,80.73183801896485
276,108.72489,156.0662624835968,40.3079187559375,115.75834372765931,68.41697290666016
277,112.81386,159.87481212615967,40.3079187559375,119.56689337022218,72.50593927628907
278,121.121605,165.36834692955017,40.3079187559375,125.06042817361268,80.8136861634961
279,262.85043,230.0224630832672,40.3079187559375,189.71454432732972,222.54251459367188
280,281.73685,247.56512880325317,40.3079187559375,207.25721004731568,241.42892816789063
281,280.8884,246.55359506607056,40.3079187559375,206.24567631013306,240.58047846085938
282,287.54288,253.18699645996094,40.3079187559375,212.87907770402344,247.23495844132813
283,291.1449,256.7679286003113,40.3079187559375,216.4600098443738,250.836978705
284,270.5776,236.17960262298584,40.3079187559375,195.87168386704835,230.26968744523438
285,267.68237,233.26335620880127,40.3079187559375,192.95543745286378,227.3744542909375
286,264.35556,231.9721531867981,40.3079187559375,191.6642344308606,224.04764154679688
287,259.1259,234.19056272506714,40.3079187559375,193.88264396912965,218.81796625382813
288,254.11816,230.83184576034546,100.45239453591668,130.37945122442878,153.66576952658332
289,253.62653,234.7076940536499,100.45239453591668,134.25529951773322,153.17413134298957
290,253.73053,236.7054738998413,100.45239453591668,136.25307936392463,153.27813524923957
291,252.9904,247.98165798187256,100.45239453591668,147.52926344595588,152.538007685763
292,254.63084,254.6308445930481,100.45239453591668,154.1784500571314,154.17844958029426
293,269.08594,269.0859408378601,100.45239453591668,168.63354630194343,168.63354296408332
294,137.33885,185.22668361663818,100.45239453591668,84.7742890807215,36.886457392794256
295,150.19923,197.9935975074768,100.45239453591668,97.54120297156012,49.74683947287238
296,138.23492,185.93675446510315,100.45239453591668,85.48435992918647,37.78252978048957
297,104.71379,152.32409691810608,100.45239453591668,51.8717023821894,4.261396357638006
298,48.87601,96.39572811126709,100.45239453591668,-4.056666424649592,-51.57638364114129
299,24.955795,72.38586854934692,100.45239453591668,-28.066525986569758,-75.49659924783074
300,28.83189,76.17324829101562,100.45239453591668,-24.279146244901057,-71.62050442971551
301,6.589162,53.65011286735535,100.45239453591668,-46.802281668561335,-93.86323266305291
302,55.780144,100.02431583404541,100.45239453591668,-0.4280787018712715,-44.67225079812371
303,237.64629,204.8173382282257,100.45239453591668,104.36494369230903,137.1938914748255
304,275.32715,241.15527272224426,100.45239453591668,140.70287818632758,174.87475390158332
305,274.12283,239.7880129814148,100.45239453591668,139.3356184454981,173.67043871603644
306,279.66595,245.3100390434265,100.45239453591668,144.85764450750983,179.21356005392707
307,289.4975,255.1205358505249,100.45239453591668,154.66814131460822,189.04510302267707
308,284.20877,249.81077814102173,100.45239453591668,149.35838360510505,183.75637621603644
309,276.7774,242.35839080810547,100.45239453591668,141.9059962721888,176.32501024923957
310,269.72574,237.3423457145691,100.45239453591668,136.8899511786524,169.27334398947394
311,257.79257,232.85723686218262,100.45239453591668,132.40484232626594,157.3401774855677
312,256.0036,232.7173089981079,152.78637111015402,79.93093788795389,103.21722996406473
313,253.7552,234.83637952804565,152.78637111015402,82.05000841789163,100.96883213691629
314,253.61455,236.5894899368286,152.78637111015402,83.80311882667459,100.82817661933817
315,253.03613,248.03057098388672,152.78637111015402,95.2441998737327,100.24976170234598
316,254.53516,254.53515148162842,152.78637111015402,101.7487803714744,101.74878513984598
317,260.12598,260.12598180770874,152.78637111015402,107.33961069755472,107.33960545234598
318,152.96877,200.85658645629883,152.78637111015402,48.070215346144806,0.18239414863504066
319,147.4912,195.28553867340088,152.78637111015402,42.49916756324686,-5.295175431443084
320,135.05972,182.76158332824707,152.78637111015402,29.97521221809305,-17.726648209763397
321,73.11417,120.72447085380554,152.78637111015402,-32.06190025634848,-79.6722048503884
322,30.56951,78.08922791481018,152.78637111015402,-74.69714319534384,-122.21686160392844
323,17.233486,64.66355967521667,152.78637111015402,-88.12281143493735,-135.5528849346169
324,0.12035775,47.46171760559082,152.78637111015402,-105.3246535045632,-152.6660133583077
325,4.890133,51.95108413696289,152.78637111015402,-100.83528697319113,-147.8962382061013
326,21.760727,66.00234532356262,152.78637111015402,-86.7840257865914,-131.02564418144308
327,202.86737,170.0374505519867,152.78637111015402,17.251079441832673,50.08099949531473
328,261.82535,227.65334248542786,152.78637111015402,74.86697137527383,109.0389767902366
329,281.50256,247.16773223876953,152.78637111015402,94.38136112861551,128.71619236640848
330,301.9383,267.58238697052,152.78637111015402,114.796015860366,149.15192234687723
331,285.20276,250.82579374313354,152.78637111015402,98.03942263297952,132.41638767890848
332,289.5129,255.11488819122314,152.78637111015402,102.32851708106912,136.72653782539285
333,280.21512,245.79610586166382,152.78637111015402,93.0097347515098,127.4287472980491
334,274.93637,242.55299186706543,152.78637111015402,89.76662075691141,122.14999973945535
335,259.19186,234.25652742385864,152.78637111015402,81.47015631370462,106.40549290351785
336,253.33147,230.0451693534851,162.70267031125002,67.34249904223509,90.62879636355467
337,254.93613,236.01730394363403,162.70267031125002,73.31463363238402,92.23345639773436
338,253.53345,236.50837898254395,162.70267031125002,73.80570867129393,90.83077695437498
339,253.5538,248.55141067504883,162.70267031125002,85.84874036379881,90.85113217898436
340,261.71982,261.719838142395,162.70267031125002,99.017167831145,99.01714780398436
341,278.02692,278.0269079208374,162.70267031125002,115.32423760958739,115.32424619265623
342,132.50882,180.396653175354,162.70267031125002,17.693982864103987,-30.193850731171892
343,156.73874,204.53309297561646,162.70267031125002,41.83042266436644,-5.963931297578142
344,104.83999,152.54183626174927,162.70267031125002,-10.16083404950075,-57.86268160275392
345,82.53093,130.1412377357483,162.70267031125002,-32.561432575501726,-80.17174074582033
346,49.09662,96.61633777618408,162.70267031125002,-66.08633253506594,-113.60605165890627
347,14.066047,61.49612009525299,162.70267031125002,-101.20655021599703,-148.6366235964673
348,-3.7330754,43.60828447341919,162.70267031125002,-119.09438583783083,-166.43574569157533
349,3.3428047,50.40375542640686,162.70267031125002,-112.29891488484316,-159.35986564091615
350,28.586689,72.82575130462646,162.70267031125002,-89.87691900662355,-134.1159813158887
351,202.30241,169.47153115272522,162.70267031125002,6.7688608414752025,39.59974362917967
352,270.02203,235.84989047050476,162.70267031125002,73.14722015925474,107.31936338015623
353,290.348,256.0131883621216,162.70267031125002,93.31051805087156,127.64532163210936
354,294.87604,260.52012300491333,162.70267031125002,97.81745269366331,132.17336728640623
355,296.29825,261.9212727546692,162.70267031125002,99.21860244341917,133.5955779797656
356,296.94083,262.5428342819214,162.70267031125002,99.84016397067137,134.2381561047656
357,277.3525,242.9334864616394,162.70267031125002,80.23081615038939,114.64983823367186
358,274.0931,241.70969676971436,162.70267031125002,79.00702645846434,111.39043881960936
359,257.61005,232.67471408843994,162.70267031125002,69.97204377718992,94.90737607546873
360,254.87572,231.5894160270691,107.32888932,124.26052670706909,147.54682784308594
361,254.25543,235.33660364151,107.32888932,128.00771432151,146.92654280890625
362,256.7567,239.73164176940918,107.32888932,132.40275244940918,149.4278245471875
363,256.0125,251.013277053833,107.32888932,143.684387733833,148.68362288703125
364,255.7792,255.7791838645935,107.32888932,148.4502945445935,148.45031600226562
365,264.78064,264.7806329727173,107.32888932,157.45174365271728,157.4517503284375
366,127.033485,174.92130827903748,107.32888932,67.59241895903747,19.704596092597654
367,161.38725,209.18160772323608,107.32888932,101.85271840323608,54.058363487617186
368,129.66714,177.36899423599243,107.32888932,70.04010491599243,22.338255455390623
369,103.97367,151.5839765071869,107.32888932,44.25508718718689,-3.3552183605273456
370,75.94006,123.4597840309143,107.32888932,16.130894710914305,-31.388825843437502
371,24.478022,71.9080959558487,107.32888932,-35.42079336415131,-82.8508676982959
372,43.340797,90.68215560913086,107.32888932,-16.646733710869142,-63.988091895683596
373,39.563023,86.62397468090057,107.32888932,-20.704914639099428,-67.76586670647461
374,90.993744,135.23025226593018,107.32888932,27.901362945930174,-16.335145423515627
375,254.524,221.6921534538269,107.32888932,114.3632641338269,147.1951127551953
376,271.1124,236.94012069702148,107.32888932,129.61123137702148,163.78350692023437
377,312.1629,277.82811975479126,107.32888932,170.49923043479126,204.83401351203125
378,291.49872,257.142840385437,107.32888932,149.813951065437,184.16982894171875
379,290.3738,255.99687814712524,107.32888932,148.66798882712524,183.04492049445312
380,289.58838,255.1903748512268,107.32888932,147.8614855312268,182.25948958625
381,282.57492,248.15589475631714,107.32888932,140.82700543631714,175.24603133429687
382,272.57004,240.18667125701904,107.32888932,132.85778193701904,165.24114852179687
383,257.16223,232.2268991470337,107.32888932,124.89800982703369,149.8333421253125
384,254.39458,231.10829830169678,87.68834468691666,143.41995361478013,166.70623233945054
385,253.72813,234.80929803848267,87.68834468691666,147.12095335156602,166.0397894683568
386,257.2362,240.2111473083496,87.68834468691666,152.52280262143296,169.54786136777085
387,252.9904,247.99436473846436,87.68834468691666,160.3060200515477,165.30205753476304
388,262.01117,262.0111804008484,87.68834468691666,174.32283571393174,174.3228247466771
389,268.44403,268.444064617157,87.68834468691666,180.75571993024033,180.7556860748021
390,156.74814,204.63595247268677,87.68834468691666,116.9476077857701,69.05979374081771
391,124.23829,172.03263759613037,87.68834468691666,84.3442929092137,36.54994419247787
392,111.83102,159.53286480903625,87.68834468691666,71.84452012211959,24.14267185361068
393,82.575226,130.1855399608612,87.68834468691666,42.49719527394454,-5.11311885683854
394,57.92245,105.44217467308044,87.68834468691666,17.75382998616378,-29.765893667629555
395,40.81763,88.2477056980133,87.68834468691666,0.5593610110966409,-46.8707139190944
396,55.14777,102.48912811279297,87.68834468691666,14.800783425876304,-32.54057475893815
397,43.751423,90.8123768568039,87.68834468691666,3.1240321698872293,-43.93692180483659
398,72.59191,116.82586598396301,87.68834468691666,29.137521297046348,-15.096433370998696
399,246.57072,213.73788404464722,87.68834468691666,126.04953935773055,158.88237980038804
400,287.71533,253.5429310798645,87.68834468691666,165.85458639294785,200.02698734433335
401,286.9029,252.56812191009521,87.68834468691666,164.87977722317856,199.2145483794896
402,278.273,243.9171175956726,87.68834468691666,156.22877290875596,190.5846655669896
403,289.77518,255.39820432662964,87.68834468691666,167.709859639713,202.08683231503647
404,275.02985,240.63184213638306,87.68834468691666,152.9434974494664,187.3415015044896
405,284.39682,249.97780895233154,87.68834468691666,162.2894642654149,196.70847538144272
406,272.75143,240.36804389953613,87.68834468691666,152.67969921261948,185.06308963925522
407,265.9468,241.01148462295532,87.68834468691666,153.32313993603867,178.25846317441147
408,254.08061,230.79431295394897,94.112632614125,136.68168033982397,159.96797956849218
409,259.98203,241.06318855285645,94.112632614125,146.95055593873144,165.86939253235937
410,254.36288,237.33783292770386,94.112632614125,143.22520031357885,160.25025190735937
411,257.34137,252.3485164642334,94.112632614125,158.2358838501084,163.22873701478125
412,265.6156,265.61563301086426,94.112632614125,171.50300039673925,171.5029679718125
413,291.14133,291.141348361969,94.112632614125,197.028715747844,197.02869429017187
414,122.783485,170.6713101863861,94.112632614125,76.5586775722611,28.67085279847265
415,126.597885,174.39224243164062,94.112632614125,80.27960981751562,32.48525251771093
416,120.609856,168.31170105934143,94.112632614125,74.19906844521643,26.497223037730464
417,97.3816,144.99190521240234,94.112632614125,50.87927259827734,3.2689668121445266
418,85.66588,133.1855981349945,94.112632614125,39.0729655208695,-8.446754318226567
419,81.16337,128.59343433380127,94.112632614125,34.480801719676265,-12.949264389027348
420,95.95435,143.29571342468262,94.112632614125,49.18308081055761,1.8417207183945266
421,90.40806,137.46901774406433,94.112632614125,43.356385129939326,-3.7045744476210984
422,102.881516,147.1129117012024,94.112632614125,53.00027908707739,8.768882888804683
423,254.69972,221.8659074306488,94.112632614125,127.7532748165238,160.58708967591406
424,278.2065,244.0339903831482,94.112632614125,149.9213577690232,184.09387983704687
425,281.56702,247.23219060897827,94.112632614125,153.11955799485327,187.4543839874375
426,280.6757,246.31978130340576,94.112632614125,152.20714868928076,186.56305708314062
427,282.82272,248.44575214385986,94.112632614125,154.33311952973486,188.71009077454687
428,282.52042,248.12243032455444,94.112632614125,154.00979771042944,188.40778364564062
429,288.6841,254.26508140563965,94.112632614125,160.15244879151464,194.57147993470312
430,272.47482,240.09142017364502,94.112632614125,145.97878755952001,178.36219038392187
431,264.3366,239.40128564834595,94.112632614125,145.28865303422094,170.22397627259375
432,256.99463,233.70832920074463,82.77637833375,150.9319508669946,174.21825057249998
433,277.8168,258.8979711532593,82.77637833375,176.12159281950926,195.0404246447656
434,253.06366,236.03860139846802,82.77637833375,153.262223064718,170.28728133421873
435,254.52953,249.53983163833618,82.77637833375,166.76345330458616,171.75314742308592
436,259.87488,259.8748869895935,82.77637833375,177.0985086558435,177.09849959593748
437,275.00378,275.00380182266235,82.77637833375,192.22742348891234,192.22740584593748
438,137.9825,185.8703155517578,82.77637833375,103.09393721800781,55.20611983519531
439,127.30736,175.10170602798462,82.77637833375,92.32532769423462,44.530979454335935
440,125.63481,173.33666467666626,82.77637833375,90.56028634291626,42.858433067617185
441,123.8318,171.44210696220398,82.77637833375,88.66572862845398,41.05542403441406
442,104.50182,152.02154397964478,82.77637833375,69.24516564589477,21.725445091542966
443,97.498505,144.9285695552826,82.77637833375,62.15219122153259,14.722126304921872
444,97.112885,144.454243183136,82.77637833375,61.67786484938598,14.336506187734372
445,103.47977,150.5407199859619,82.77637833375,67.76434165221191,20.703388511953122
446,100.715866,144.94470477104187,82.77637833375,62.16832643729187,17.939487755117185
447,257.74744,224.912663936615,82.77637833375,142.13628560286497,174.97105818968748
448,280.23773,246.06506872177124,82.77637833375,163.28869038802122,197.46135359984373
449,298.04626,263.7114152908325,82.77637833375,180.9350369570825,215.26988631468748
450,294.51666,260.16074800491333,82.77637833375,177.3843696711633,211.74028426390623
451,282.9947,248.61772394180298,82.77637833375,165.84134560805296,200.21831160765623
452,285.19135,250.793354511261,82.77637833375,168.01697617751097,202.41496688109373
453,286.3834,251.96436643600464,82.77637833375,169.18798810225462,203.60701400023436
454,282.4491,250.06572008132935,82.77637833375,167.28934174757933,199.67271834593748
455,259.43973,234.50440883636475,82.77637833375,151.72803050261473,176.6633494494531
456,259.147,235.86069869995117,60.1762715510125,175.68442714893868,198.97073162281563
457,258.01703,239.09820365905762,60.1762715510125,178.92193210804513,197.84075725758126
458,254.37332,237.3482756614685,60.1762715510125,177.17200411045602,194.19704998219063
459,254.10963,249.12312841415405,60.1762715510125,188.94685686314156,193.93336284840157
460,254.59242,254.59241485595703,60.1762715510125,194.41614330494454,194.41615093433907
461,263.07965,263.0796546936035,60.1762715510125,202.90338314259103,202.90337932789376
462,126.00492,173.89274835586548,60.1762715510125,113.71647680485299,65.82864940846017
463,136.82614,184.62050247192383,60.1762715510125,124.44423092091134,76.64986980640938
464,106.788795,154.49064373970032,60.1762715510125,94.31437218868783,46.61252392017891
465,96.642975,144.2532844543457,60.1762715510125,84.07701290333321,36.46670330250313
466,115.84464,163.3643660545349,60.1762715510125,103.18809450352242,55.66837108814766
467,91.68581,139.1158788204193,60.1762715510125,78.93960726940682,31.509534723401565
468,124.85425,172.1956126689911,60.1762715510125,112.0193411179786,64.67797649586251
469,111.68949,158.75044202804565,60.1762715510125,98.57417047703316,51.51321972096016
470,110.21123,154.43750953674316,60.1762715510125,94.26123798573067,50.03495586597969
471,279.87485,247.03908824920654,60.1762715510125,186.86281669819405,219.69857586109688
472,269.97894,235.8061249256134,60.1762715510125,175.6298533746009,209.80267132008126
473,281.69354,247.35873222351074,60.1762715510125,187.18246067249825,221.51727092945626
474,284.28525,249.92931270599365,60.1762715510125,189.75304115498116,224.10897625172188
475,274.80847,240.43150329589844,60.1762715510125,180.25523174488595,214.632200128675
476,291.2227,256.82470703125,60.1762715510125,196.6484354802375,231.04641521656563
477,263.27866,228.85964012145996,60.1762715510125,168.68336857044747,203.10238445484688
478,262.90408,230.52069282531738,60.1762715510125,170.3444212743049,202.72781170094063
479,270.02493,245.08963012695312,60.1762715510125,184.91335857594063,209.84866131031563
480,264.86353,241.57721996307373,56.554773323875,185.02244663919873,208.30875206675
481,253.3288,234.40996599197388,56.554773323875,177.85519266809888,196.77402306284375
482,254.76262,237.737566947937,56.554773323875,181.18279362406201,198.2078456946797
483,253.56929,248.5859580039978,56.554773323875,192.0311846801228,197.01451683725782
484,253.18619,253.18618822097778,56.554773323875,196.6314148971028,196.63141442026563
485,255.7758,255.77581453323364,56.554773323875,199.22104120935865,199.2210292884297
486,123.01101,170.89882922172546,56.554773323875,114.34405589785047,66.4562358924336
487,139.88252,187.6768810749054,56.554773323875,131.1221077510304,83.32774925913282
488,134.59279,182.29463934898376,56.554773323875,125.73986602510877,78.03801537241407
489,90.46241,138.07271480560303,56.554773323875,81.51794148172803,33.907636649269534
490,94.812775,142.33249497413635,56.554773323875,85.77772165026136,38.25800133432813
491,44.4407,91.87077164649963,56.554773323875,35.31599832262464,-12.114072792869138
492,84.41745,131.75881099700928,56.554773323875,75.20403767313428,27.862676627296878
493,41.616486,88.67743587493896,56.554773323875,32.12266255106397,-14.938287728171872
494,60.609886,104.83361291885376,56.554773323875,48.27883959497876,4.055112845558597
495,245.69254,212.85579371452332,56.554773323875,156.30102039064832,189.13776207651563
496,281.57245,247.3994698524475,56.554773323875,190.8446965285725,225.01767540659375
497,293.3096,258.97478437423706,56.554773323875,202.42001105036206,236.75482750620313
498,290.17236,255.8164610862732,56.554773323875,199.2616877623982,233.617589957375
499,289.79337,255.41640424728394,56.554773323875,198.86163092340894,233.23859215464063
500,293.8721,259.4741196632385,56.554773323875,202.91934633936353,237.31732750620313
501,280.42642,246.00739431381226,56.554773323875,189.45262098993726,223.87164879526563
502,271.4762,239.0928201675415,56.554773323875,182.5380468436665,214.9214229651875
503,264.3489,239.41358757019043,56.554773323875,182.85881424631543,207.79413414682813
504,259.93378,236.64748001098633,80.67756857291667,155.96991143806966,179.25620828255208
505,257.23813,238.3192868232727,80.67756857291667,157.64171825035604,176.5605600891927
506,254.85869,237.8336420059204,80.67756857291667,157.15607343300374,174.18111978157552
507,253.06538,248.08523225784302,80.67756857291667,167.40766368492635,172.38781533821614
508,253.22998,253.22997903823853,80.67756857291667,172.55241046532186,172.55241189583333
509,282.94855,282.9485158920288,80.67756857291667,202.27094731911214,202.27097879036458
510,139.4789,187.3667187690735,80.67756857291667,106.68915019615682,58.80132852180989
511,156.30954,204.10389351844788,80.67756857291667,123.4263249455312,75.6319712220052
512,123.44017,171.14201259613037,80.67756857291667,90.4644440232137,42.76260171516927
513,109.215805,156.82610726356506,80.67756857291667,76.1485386906484,28.538236480794268
514,91.14789,138.66761302947998,80.67756857291667,57.99004445656331,10.47031961067708
515,94.304855,141.7349271774292,80.67756857291667,61.05735860451253,13.627286773763018
516,104.218994,151.56035566329956,80.67756857291667,70.88278709038289,23.54142556770833
517,88.456535,135.51748180389404,80.67756857291667,54.83991323097737,7.778966766438799
518,126.37657,170.59774947166443,80.67756857291667,89.92018089874776,45.69900308235677
519,259.93976,227.1020438671112,80.67756857291667,146.42447529419454,179.26218972786458
520,277.13922,242.9661135673523,80.67756857291667,162.28854499443563,196.46165261848958
521,280.86194,246.52713871002197,80.67756857291667,165.8495701371053,200.18436990364583
522,285.7134,251.3575038909912,80.67756857291667,170.67993531807454,205.03584085091146
523,282.5828,248.20585250854492,80.67756857291667,167.52828393562825,201.90522561653646
524,272.27896,237.88097953796387,80.67756857291667,157.2034109650472,191.60139260872396
525,275.3493,240.93029069900513,80.67756857291667,160.25272212608846,194.67173562630208
526,259.94873,227.56535720825195,80.67756857291667,146.88778863533528,179.27116189583333
527,257.46472,232.52940559387207,80.67756857291667,151.8518370209554,176.78715310677083
528,256.02554,232.73923349380493,57.15909613548334,175.5801373583216,198.8664470774073
529,254.4908,235.5719714164734,57.15909613548334,178.41287528099005,197.33170281471197
530,256.0401,239.01505661010742,57.15909613548334,181.85596047462408,198.8810039621729
531,256.78336,251.8063840866089,57.15909613548334,194.64728795112555,199.6242595774073
532,256.7326,256.73263692855835,57.15909613548334,199.573540793075,199.5735088449854
533,279.38245,279.3824348449707,57.15909613548334,222.22333870948736,222.22335015357916
534,126.20111,174.08893966674805,57.15909613548334,116.92984353126471,69.04201470436041
535,142.8201,190.61445212364197,57.15909613548334,133.45535598815863,85.66100274146979
536,131.28922,178.99105858802795,57.15909613548334,121.83196245254462,74.13011895240729
537,135.78279,183.39309096336365,57.15909613548334,126.23399482788031,78.62369500221197
538,109.37025,156.8899691104889,57.15909613548334,99.73087297500555,52.21115075172369
539,107.88859,155.31865048408508,57.15909613548334,98.15955434860174,50.72949181617682
540,88.54122,135.88258481025696,57.15909613548334,78.72348867477362,31.382125483169006
541,59.160927,106.2218713760376,57.15909613548334,49.06277524055426,2.001830683364318
542,91.71601,135.93462991714478,57.15909613548334,78.77553378166144,34.55691491187994
543,235.81972,202.98103022575378,57.15909613548334,145.82193409027045,178.66062127174322
544,268.20596,234.03273129463196,57.15909613548334,176.87363515914862,211.0468669992823
545,277.18002,242.8452181816101,57.15909613548334,185.68612204612677,220.02092705787604
546,279.9354,245.57948780059814,57.15909613548334,188.4203916651148,222.77629815162604
547,281.0787,246.70170640945435,57.15909613548334,189.542610273971,223.91960869850104
548,302.23856,267.8405456542969,57.15909613548334,210.68144951881354,245.0794597727198
549,274.6523,240.23331212997437,57.15909613548334,183.07421599449103,217.49321709693854
550,270.30713,237.92373037338257,57.15909613548334,180.76463423789923,213.14803277076666
551,262.08838,237.15306568145752,57.15909613548334,179.99396954597418,204.92928277076666
552,253.1797,229.8934006690979,69.22821505195833,160.66518561713957,183.95148770683073
553,254.14783,235.22900533676147,69.22821505195833,166.00079028480314,184.91961209647917
554,253.54372,236.51865148544312,69.22821505195833,167.29043643348479,184.31550137870573
555,256.93753,251.96373414993286,69.22821505195833,182.73551909797453,187.7093154656198
556,255.02791,255.02792739868164,69.22821505195833,185.7997123467233,185.79969327323698
557,270.18243,270.18244552612305,69.22821505195833,200.95423047416472,200.95421903007292
558,144.49013,192.37794828414917,69.22821505195833,123.14973323219084,75.26191251151823
559,126.1927,173.98705434799194,69.22821505195833,104.75883929603361,56.96448819511198
560,106.805115,154.50696849822998,69.22821505195833,85.27875344627165,37.57689969413542
561,70.19493,117.80523824691772,69.22821505195833,48.577023194959395,0.9667159783151078
562,35.180492,82.7002100944519,69.22821505195833,13.471995042493575,-34.04772265083528
563,-0.61175656,46.81831645965576,69.22821505195833,-22.409898592302568,-69.83997161514498
564,-7.3315053,40.00985407829285,69.22821505195833,-29.218360973665483,-76.55972035057283
565,-2.1136105,44.94733810424805,69.22821505195833,-24.280876947710283,-71.34182555801607
566,14.993942,59.210005044937134,69.22821505195833,-10.018210007021196,-54.23427279121614
567,186.9321,154.09242570400238,69.22821505195833,84.86421065204405,117.70388333671355
568,247.00023,212.82684326171875,69.22821505195833,143.59862820976042,177.7720138298776
569,280.13446,245.79965543746948,69.22821505195833,176.57144038551115,210.90624539726042
570,286.51987,252.1639347076416,69.22821505195833,182.93571965568327,217.29165189140105
571,308.01215,273.63517475128174,69.22821505195833,204.4069596993234,238.78393094413542
572,289.6617,255.26372480392456,69.22821505195833,186.03550975196623,220.43349759452605
573,278.60626,244.18724060058594,69.22821505195833,174.9590255486276,209.37804715507292
574,265.90155,233.51815748214722,69.22821505195833,164.2899424301889,196.67333524101042
575,257.19522,232.25992059707642,69.22821505195833,163.0317055451181,187.9670058953073
576,255.31853,232.03223419189453,96.00725701975,136.02497717214453,159.3112702019297
577,255.33469,236.415855884552,96.00725701975,140.408598864802,159.32742925954688
578,254.86305,237.83798503875732,96.00725701975,141.83072801900732,158.85579534841406
579,257.8159,252.84527730941772,96.00725701975,156.83802028966772,161.80863043142188
580,267.1458,267.1458010673523,96.00725701975,171.1385440476023,171.13855596853125
581,258.68643,258.6864457130432,96.00725701975,162.6791886932932,162.67917486501563
582,126.44237,174.3301968574524,96.00725701975,78.32293983770239,30.435110533960938
583,132.50647,180.30081343650818,96.00725701975,84.29355641675818,36.4992127068125
584,113.485306,161.18715381622314,96.00725701975,65.17989679647314,17.478048766382813
585,55.917038,103.52734518051147,96.00725701975,7.520088160761475,-40.09021905588281
586,18.340303,65.86002445220947,96.00725701975,-30.147232567540527,-77.66695359872949
587,-6.9292808,40.500792264938354,96.00725701975,-55.506464754811645,-102.93653777765405
588,-14.105822,33.23553681373596,96.00725701975,-62.77172020601404,-110.11307862924707
589,-11.895025,35.16592216491699,96.00725701975,-60.84133485483301,-107.9022822730459
590,4.1950207,48.40852665901184,96.00725701975,-47.59873036073816,-91.81223634409082
591,191.04555,158.20490300655365,96.00725701975,62.19764598680365,95.03829046560156
592,253.41422,219.240713596344,96.00725701975,123.233456576594,157.40695806814063
593,276.38184,242.0470108985901,96.00725701975,146.0397538788401,180.37457891775
594,280.332,245.97609996795654,96.00725701975,149.96884294820654,184.32474371267188
595,288.71262,254.33567142486572,96.00725701975,158.32841440511572,192.70535894704688
596,279.98715,245.58917427062988,96.00725701975,149.58191725087988,183.97989507985938
597,269.2958,234.87679767608643,96.00725701975,138.86954065633643,173.28854986501563
598,272.6915,240.30808210372925,96.00725701975,144.30082508397925,176.68424078298438
599,257.67947,232.74414348602295,96.00725701975,136.73688646627295,161.67221685720313
600,254.65825,231.37195873260498,91.21499508242918,140.15696365017578,163.443253818938
601,253.43199,234.51316833496094,91.21499508242918,143.29817325253174,162.21699649471924
602,253.56596,236.54090213775635,91.21499508242918,145.32590705532715,162.350968662688
603,252.9904,248.02294874191284,91.21499508242918,156.80795365948364,161.7754071392505
604,257.72415,257.72415018081665,91.21499508242918,166.50915509838745,166.50915652889893
605,266.33667,266.33666467666626,91.21499508242918,175.12166959423706,175.1216748394458
606,143.54796,191.435777425766,91.21499508242918,100.22078234333681,52.332963291594254
607,141.74052,189.53486394882202,91.21499508242918,98.31986886639284,50.525529209563004
608,98.44209,146.14394354820251,91.21499508242918,54.92894846577333,7.227097813078629
609,91.25379,138.86409950256348,91.21499508242918,47.64910442013429,0.038796726652847724
610,15.360987,62.8807053565979,91.21499508242918,-28.334289725831283,-75.85400837283446
611,10.720803,58.150877237319946,91.21499508242918,-33.06411784510924,-80.49419182162596
612,-4.6415157,42.699843883514404,91.21499508242918,-48.51515119891478,-95.8565108142407
613,-1.0897073,45.97124099731445,91.21499508242918,-45.24375408511473,-92.30470233779265
614,13.980916,58.19186544418335,91.21499508242918,-33.023129638245834,-77.23407905917479
615,189.29805,156.4564324617386,91.21499508242918,65.2414373793094,98.08305484432863
616,245.96602,211.79237723350525,91.21499508242918,120.57738215107607,154.75102359432861
617,291.4904,257.15558195114136,91.21499508242918,165.94058686871216,200.27539188046143
618,282.318,247.96209955215454,91.21499508242918,156.74710446972534,191.1029980816333
619,292.48972,258.1127595901489,91.21499508242918,166.89776450771973,201.27472049374268
620,283.1862,248.78818321228027,91.21499508242918,157.57318812985108,191.97119266171143
621,287.0094,252.5903663635254,91.21499508242918,161.3753712810962,195.7944043316333
622,268.98138,236.59799575805664,91.21499508242918,145.38300067562744,177.76638919491455
623,263.98364,239.04832458496094,91.21499508242918,147.83332950253174,172.7686474956958
624,254.19005,230.9037470817566,60.2511759885,170.6525710932566,193.93887222927344
625,254.01616,235.09731101989746,60.2511759885,174.84613503139747,193.7649830691172
626,254.88203,237.85697221755981,60.2511759885,177.60579622905982,194.63085831325782
627,252.9904,248.02612972259521,60.2511759885,187.77495373409522,192.7392262331797
628,253.60533,253.60534286499023,60.2511759885,193.35416687649024,193.35415543239844
629,262.09515,262.09514141082764,60.2511759885,201.84396542232764,201.84397782009376
630,117.08916,164.97697854042053,60.2511759885,104.72580255192054,56.837981115992186
631,135.14612,182.94046831130981,60.2511759885,122.68929232280982,74.8949421755625
632,100.42421,148.12605500221252,60.2511759885,87.87487901371253,40.17303360622656
633,66.182594,113.79290437698364,60.2511759885,53.54172838848364,5.9314183108164045
634,96.4869,144.00662398338318,60.2511759885,83.75544799488318,36.23572434108984
635,120.0795,167.50957417488098,60.2511759885,107.25839818638099,59.82832230251562
636,127.95755,175.29890775680542,60.2511759885,115.04773176830543,67.70637406032813
637,122.518524,169.5794711112976,60.2511759885,109.32829512279761,62.26734818142187
638,155.40154,199.60993719100952,60.2511759885,139.35876120250953,95.15035904567969
639,276.3504,243.50780868530273,60.2511759885,183.25663269680274,216.09922684353126
640,286.16095,251.98717498779297,60.2511759885,191.73599899929297,225.90977371853126
641,278.2878,243.95299673080444,60.2511759885,183.70182074230445,218.03663529079688
642,278.57434,244.21843671798706,60.2511759885,183.96726072948707,218.3231648318125
643,294.78174,260.4047861099243,60.2511759885,200.15361012142432,234.53056229275
644,277.63333,243.23535919189453,60.2511759885,182.98418320339454,217.38215531032813
645,279.93674,245.51769971847534,60.2511759885,185.26652372997535,219.68556107204688
646,262.13486,229.75146102905273,60.2511759885,169.50028504055274,201.88368118923438
647,261.5266,236.5912947654724,60.2511759885,176.34011877697242,201.275435339625
648,254.18306,230.89675092697144,40.754393604583335,190.1423573223881,213.42866608779948
649,255.12727,236.2084517478943,40.754393604583335,195.45405814331096,214.37287995498698
650,256.12393,239.098886013031,40.754393604583335,198.34449240844768,215.3695382801823
651,253.01686,248.05577182769775,40.754393604583335,207.30137822311443,212.26246735733073
652,254.3685,254.368492603302,40.754393604583335,213.61409899871867,213.61410615127605
653,272.0771,272.07712173461914,40.754393604583335,231.3227281300358,231.32269379776042
654,125.443695,173.3315224647522,40.754393604583335,132.57712886016887,84.68930146377605
655,127.40917,175.20352578163147,40.754393604583335,134.44913217704814,86.65477845352214
656,115.728035,163.42988562583923,40.754393604583335,122.6754920212559,74.9736413685612
657,74.79516,122.40546679496765,40.754393604583335,81.65107319038432,34.040764781647134
658,32.236702,79.75642037391663,40.754393604583335,39.00202676933329,-8.517691639251304
659,17.93863,65.36870312690735,40.754393604583335,24.614309522324014,-22.81576445419271
660,10.765583,58.10694241523743,40.754393604583335,17.352548810654092,-29.988810566253257
661,7.5777082,54.638654470443726,40.754393604583335,13.88426086586039,-33.176685360259604
662,61.117138,105.3229775428772,40.754393604583335,64.56858393829387,20.362744304352212
663,198.06215,165.21858954429626,40.754393604583335,124.46419593971294,157.30775544326823
664,240.91205,206.73811745643616,40.754393604583335,165.98372385185283,200.15765473526042
665,288.99472,254.6598825454712,40.754393604583335,213.90548894088786,248.24032685440105
666,275.6293,241.27340841293335,40.754393604583335,200.51901480835002,234.8749093739323
667,274.44568,240.06871032714844,40.754393604583335,199.3143167225651,233.69128510635417
668,288.61673,254.2187647819519,40.754393604583335,213.46437117736858,247.8623361317448
669,283.9911,249.57206964492798,40.754393604583335,208.81767604034465,243.23669526260417
670,265.31305,232.9296760559082,40.754393604583335,192.17528245132488,224.55865571182292
671,255.4387,230.50340127944946,40.754393604583335,189.74900767486614,214.6843118397526
672,256.3472,233.06091499328613,78.80703145950001,154.2538835337861,177.5401670268281
673,253.25543,234.33660888671875,78.80703145950001,155.52957742721873,174.44840066940623
674,255.23631,238.2112593650818,78.80703145950001,159.40422790558176,176.4292814067109
675,256.24686,251.2889575958252,78.80703145950001,172.48192613632517,177.4398252299531
676,264.94257,264.9426016807556,78.80703145950001,186.1355702212556,186.13553445846873
677,271.49982,271.49982357025146,78.80703145950001,192.69279211075144,192.69278543503123
678,154.92743,202.81525254249573,78.80703145950001,124.00822108299572,76.12039773971874
679,139.30779,187.10214185714722,78.80703145950001,108.2951103976472,60.50075357467968
680,102.573814,150.27566242218018,78.80703145950001,71.46863096268017,23.766782932589834
681,116.704414,164.3147201538086,78.80703145950001,85.50768869430858,37.89738290817577
682,63.96545,111.48516917228699,78.80703145950001,32.67813771278698,-14.841581172634775
683,18.342972,65.77304553985596,78.80703145950001,-13.033985919644053,-60.4640596577422
684,16.240269,63.581627368927,78.80703145950001,-15.225404090573008,-62.56676275222462
685,47.193005,94.25395250320435,78.80703145950001,15.446921043704336,-31.614026851345713
686,28.368855,72.57213807106018,78.80703145950001,-6.234893388439829,-50.43817693679493
687,196.81512,163.97058200836182,78.80703145950001,85.1635505488618,118.00809305221874
688,250.11696,215.94289183616638,78.80703145950001,137.13586037666636,171.30992715866404
689,291.0314,256.69660663604736,78.80703145950001,177.88957517654734,212.2243711283906
690,293.7672,259.41131019592285,78.80703145950001,180.60427873642283,214.96018045456248
691,283.63327,249.2563328742981,78.80703145950001,170.44930141479807,204.82623880417185
692,289.00998,254.6119842529297,78.80703145950001,175.80495279342966,210.20294778854685
693,275.44012,241.0210771560669,78.80703145950001,162.21404569656687,196.63309305221873
694,277.78375,245.40036582946777,78.80703145950001,166.59333436996775,198.97672098190623
695,261.47922,236.54389142990112,78.80703145950001,157.7368599704011,182.67218606979685
696,256.84293,233.55662870407104,97.95361423958332,135.60301446448773,158.8893117858073
697,256.6142,237.69537448883057,97.95361423958332,139.74176024924725,158.66058253776043
698,253.16325,236.13819456100464,97.95361423958332,138.18458032142132,155.20963954459637
699,261.32434,256.36961603164673,97.95361423958332,158.4160017920634,163.37072658072918
700,279.11182,279.111855506897,97.95361423958332,181.15824126731366,181.15820216666668
701,262.46973,262.4697337150574,97.95361423958332,164.51611947547406,164.51611232291668
702,131.54463,179.43245601654053,97.95361423958332,81.47884177695721,33.591017718424496
703,147.49933,195.29367876052856,97.95361423958332,97.34006452094525,49.54571437369793
704,117.22745,164.9292962551117,97.95361423958332,66.97568201552838,19.27383327018231
705,110.46978,158.08008646965027,97.95361423958332,60.12647223006695,12.516165728678402
706,75.88171,123.40142226219177,97.95361423958332,25.447808022608456,-22.071908001790348
707,39.916138,87.34621095657349,97.95361423958332,-10.60740328300983,-58.03747654427082
708,32.712185,80.05354452133179,97.95361423958332,-17.90006971825153,-65.24142933357746
709,23.021519,70.08246397972107,97.95361423958332,-27.871150259862247,-74.93209553230793
710,39.655212,83.85594344139099,97.95361423958332,-14.097670798192325,-58.29840183723957
711,207.4386,174.59308457374573,97.95361423958332,76.63947033416241,109.48498439322918
712,249.02477,214.85056853294373,97.95361423958332,116.89695429336041,151.07115077506512
713,277.47397,243.13916206359863,97.95361423958332,145.18554782401532,179.52035426627606
714,278.48013,244.12422513961792,97.95361423958332,146.1706109000346,180.5265188170573
715,283.25076,248.8738088607788,97.95361423958332,150.9201946211955,185.2971486998698
716,279.89322,245.49521160125732,97.95361423958332,147.541597361674,181.9396047545573
717,277.7897,243.37067461013794,97.95361423958332,145.41706037055462,179.8360891295573
718,266.3043,233.92089986801147,97.95361423958332,135.96728562842816,168.35067653190106
719,261.6132,236.67787408828735,97.95361423958332,138.72425984870404,163.6595754576823
720,255.35622,232.06992626190186,93.74764544375,138.32228081815185,161.60857098691406
721,253.31293,234.39410066604614,93.74764544375,140.64645522229614,159.56528180234375
722,255.14168,238.11661386489868,93.74764544375,144.36896842114868,161.3940324126953
723,260.38483,255.43323707580566,93.74764544375,161.68559163205566,166.63718121640625
724,262.59445,262.5944576263428,93.74764544375,168.84681218259277,168.84680646054687
725,276.13242,276.13242530822754,93.74764544375,182.38477986447754,182.38477032773437
726,131.21057,179.09839701652527,93.74764544375,85.35075157277527,37.4629258453125
727,149.59077,197.3851354122162,93.74764544375,103.63748996846618,55.84312909238281
728,101.1775,148.8793408870697,93.74764544375,55.1316954433197,7.429852420019529
729,68.65428,116.26458358764648,93.74764544375,22.516938143896482,-25.093363827539065
730,24.510948,72.03066754341125,93.74764544375,-21.716977900338748,-69.23669726259766
731,8.442638,55.872711181640625,93.74764544375,-37.87493426210938,-85.3050070465332
732,-8.234381,39.10697937011719,93.74764544375,-54.640666073632815,-101.9820261657959
733,7.1643567,54.22530269622803,93.74764544375,-39.522342747521975,-86.58328873522339
734,77.52782,121.72597813606262,93.74764544375,27.97833269231262,-16.219828671289065
735,249.00677,216.1602761745453,93.74764544375,122.41263073079529,155.25912945859375
736,267.1813,233.00697374343872,93.74764544375,139.25932829968872,173.43365948789062
737,279.96667,245.63186073303223,93.74764544375,151.88421528928222,186.2190293609375
738,299.02652,264.67060375213623,93.74764544375,170.92295830838623,205.27887433164062
739,293.50247,259.12548542022705,93.74764544375,165.37783997647705,199.75482648007812
740,275.90994,241.51194715499878,93.74764544375,147.76430171124878,182.16229718320312
741,283.15982,248.7408094406128,93.74764544375,154.9931639968628,189.41217511289062
742,260.58533,228.20194387435913,93.74764544375,134.45429843060913,166.8376817046875
743,256.89224,231.95691204071045,93.74764544375,138.20926659696045,163.14459698789062
