fairness_rank,experiment,fairness_rank_score,objective,site_energy_rank,site_energy_rank_score,peak_demand_rank,peak_demand_rank_score,peak_to_valley_ratio_rank,peak_to_valley_ratio_rank_score,load_factor_rank,load_factor_rank_score,system_ramping_rank,system_ramping_rank_score
1.0,mappo_grouped_tarmac_hybrid_vt_500_final2,1.6667,fairness,,,,,,,,,,
2.0,mappo_grouped_vt_500_final3,2.6667,fairness,,,,,,,,,,
3.0,mappo_grouped_tarmac_hybrid_kmeans_static_extended_vt_500_final,7.6667,fairness,,,,,,,,,,
4.0,mappo_grouped_tarmac_soft_router_twostage_3f_expert_routeronly500_temp05_prior1_vt_500_final,7.6667,fairness,,,,,,,,,,
5.0,mappo_grouped_tarmac_hybrid_agglomerative_capacity_load_3f_linear_vt_500_seed2,9.0,fairness,,,,,,,,,,
6.0,mappo_grouped_tarmac_hybrid_agglomerative_capacity_load_3f_linear_vt_500_seed1,9.6667,fairness,,,,,,,,,,
7.0,mappo_grouped_tarmac_vt_500_final2,10.6667,fairness,,,,,,,,,,
8.0,mappo_grouped_tarmac_soft_router_twostage_3f_expert_freeze200_temp07_prior07_vt_500_final,12.3333,fairness,,,,,,,,,,
9.0,mappo_grouped_tarmac_hybrid_agglomerative_static_operational_vt_500_final,12.6667,fairness,,,,,,,,,,
10.0,mappo_grouped_tarmac_hybrid_gmm_capacity_load_5f_linear_vt_500_final,12.6667,fairness,,,,,,,,,,
11.0,mappo_grouped_tarmac_soft_router_twostage_3f_expert_freeze200_temp05_prior1_no_capacity_vt_500_final,12.6667,fairness,,,,,,,,,,
12.0,mappo_grouped_tarmac_hybrid_agglomerative_capacity_load_5f_linear_vt_500_seed1,13.6667,fairness,,,,,,,,,,
13.0,mappo_grouped_tarmac_hybrid_agglomerative_capacity_load_3f_linear_vt_500_final,14.0,fairness,,,,,,,,,,
14.0,mappo_grouped_tarmac_hybrid_agglomerative_capacity_load_5f_linear_vt_500_seed2,14.6667,fairness,,,,,,,,,,
15.0,mappo_grouped_tarmac_soft_router_agglomerative_5f_capacity_router_prior05_vt_500_final,16.0,fairness,,,,,,,,,,
16.0,mappo_grouped_tarmac_soft_router_twostage_3f_expert_freeze200_temp05_prior1_vt_500_final,16.0,fairness,,,,,,,,,,
17.0,mappo_grouped_powernet_global_agglomerative_capacity_load_5f_vt_500_final,17.3333,fairness,,,,,,,,,,
18.0,mappo_grouped_tarmac_hybrid_gated_vt_500_final2,18.3333,fairness,,,,,,,,,,
19.0,mappo_grouped_tarmac_hybrid_linear_vt_500_final2,18.3333,fairness,,,,,,,,,,
20.0,mappo_grouped_tarmac_soft_router_twostage_3f_expert_freeze200_temp05_prior1_vt_500_seed0,20.6667,fairness,,,,,,,,,,
21.0,mappo_grouped_tarmac_soft_router_agglomerative_5f_no_capacity_router_vt_500_final,21.6667,fairness,,,,,,,,,,
22.0,mappo_standard_vt_500_final3,21.6667,fairness,,,,,,,,,,
23.0,mappo_grouped_powernet_global_gmm_capacity_load_5f_vt_500_final,22.0,fairness,,,,,,,,,,
24.0,mappo_grouped_tarmac_hybrid_agglomerative_capacity_load_5f_linear_vt_500_seed0,23.3333,fairness,,,,,,,,,,
25.0,mappo_grouped_comm_weighted_a055_b045_vt_500_final2,26.3333,fairness,,,,,,,,,,
26.0,mappo_grouped_tarmac_hybrid_agglomerative_capacity_load_3f_linear_vt_500_seed3,27.3333,fairness,,,,,,,,,,
27.0,mappo_grouped_tarmac_soft_router_agglomerative_5f_capacity_router_vt_500_final,28.3333,fairness,,,,,,,,,,
28.0,mappo_grouped_powernet_global_kmeans_capacity_load_5f_vt_500_final,29.0,fairness,,,,,,,,,,
29.0,mappo_grouped_powernet_global_vt_500_final2,29.3333,fairness,,,,,,,,,,
30.0,mappo_grouped_tarmac_hybrid_kmeans_operational_profile_vt_500_final,30.3333,fairness,,,,,,,,,,
31.0,mappo_grouped_comm_v2_vt_500_final2,30.6667,fairness,,,,,,,,,,
32.0,mappo_grouped_powernet_global_kmeans_operational_profile_vt_500_final,33.3333,fairness,,,,,,,,,,
33.0,mappo_grouped_powernet_vt_500_final2,33.6667,fairness,,,,,,,,,,
34.0,mappo_grouped_tarmac_soft_router_vt_500_final_sharp_temperature_0.5_warmup_50,33.6667,fairness,,,,,,,,,,
35.0,mappo_grouped_powernet_global_kmeans_static_extended_vt_500_final,34.0,fairness,,,,,,,,,,
36.0,mappo_grouped_tarmac_hybrid_agglomerative_capacity_load_5f_linear_vt_500_final,34.3333,fairness,,,,,,,,,,
37.0,mappo_grouped_tarmac_hybrid_agglomerative_capacity_load_3f_linear_vt_500_seed0,34.6667,fairness,,,,,,,,,,
38.0,mappo_grouped_tarmac_soft_router_agglomerative_5f_capacity_router_temp05_vt_500_final,34.6667,fairness,,,,,,,,,,
39.0,mappo_grouped_comm_weighted_default_vt_500_final2,35.0,fairness,,,,,,,,,,
40.0,mappo_grouped_tarmac_hybrid_agglomerative_capacity_load_4f_linear_vt_500_final,36.3333,fairness,,,,,,,,,,
41.0,mappo_grouped_tarmac_hybrid_kmeans_capacity_load_5f_linear_vt_500_final,36.3333,fairness,,,,,,,,,,
42.0,mappo_grouped_powernet_global_agglomerative_capacity_load_3f_vt_500_final,38.3333,fairness,,,,,,,,,,
43.0,mappo_grouped_tarmac_hybrid_agglomerative_capacity_load_5f_linear_vt_500_seed3,38.3333,fairness,,,,,,,,,,
44.0,mappo_grouped_dial_vt_500_final2,41.3333,fairness,,,,,,,,,,
45.0,mappo_grouped_tarmac_soft_router_vt_500_final_stable_temperature_1_warmup_100,41.3333,fairness,,,,,,,,,,
46.0,mappo_grouped_gat_vt_500_final2,42.3333,fairness,,,,,,,,,,
47.0,mappo_grouped_commnet_vt_500_final2,43.3333,fairness,,,,,,,,,,
48.0,mappo_grouped_comm_weighted_a090_b010_vt_500_final2,43.6667,fairness,,,,,,,,,,
49.0,mappo_grouped_tarmac_hybrid_gmm_static_operational_vt_500_final,47.3333,fairness,,,,,,,,,,
50.0,mappo_grouped_powernet_global_gmm_static_operational_vt_500_final,50.3333,fairness,,,,,,,,,,
51.0,mappo_grouped_powernet_global_agglomerative_static_operational_vt_500_final,50.6667,fairness,,,,,,,,,,
52.0,mappo_grouped_powernet_global_agglomerative_capacity_load_4f_vt_500_final,51.6667,fairness,,,,,,,,,,
53.0,mappo_grouped_tarmac_soft_router_vt_500_final_balanced_temperature0.7_warmup50,53.0,fairness,,,,,,,,,,
54.0,rllib_independent_ppo_vt_80_final2,54.3333,fairness,,,,,,,,,,
55.0,rllib_sac_vt_500_final2,54.6667,fairness,,,,,,,,,,
56.0,rbc_baseline_vt_february,56.0,fairness,,,,,,,,,,
,rllib_sac_vt_500_final2,,site_energy,1.0,1.0,,,,,,,,
,mappo_grouped_powernet_global_gmm_static_operational_vt_500_final,,site_energy,2.0,2.0,,,,,,,,
,mappo_grouped_commnet_vt_500_final2,,site_energy,3.0,3.0,,,,,,,,
,mappo_grouped_tarmac_soft_router_agglomerative_5f_capacity_router_temp05_vt_500_final,,site_energy,4.0,4.0,,,,,,,,
,mappo_grouped_dial_vt_500_final2,,site_energy,5.0,5.0,,,,,,,,
,mappo_grouped_tarmac_soft_router_agglomerative_5f_capacity_router_vt_500_final,,site_energy,6.0,6.0,,,,,,,,
,mappo_grouped_tarmac_soft_router_vt_500_final_balanced_temperature0.7_warmup50,,site_energy,7.0,7.0,,,,,,,,
,mappo_grouped_tarmac_soft_router_vt_500_final_stable_temperature_1_warmup_100,,site_energy,8.0,8.0,,,,,,,,
,mappo_grouped_tarmac_hybrid_agglomerative_capacity_load_5f_linear_vt_500_seed3,,site_energy,9.0,9.0,,,,,,,,
,mappo_grouped_tarmac_soft_router_agglomerative_5f_no_capacity_router_vt_500_final,,site_energy,10.0,10.0,,,,,,,,
,mappo_grouped_tarmac_vt_500_final2,,site_energy,11.0,11.0,,,,,,,,
,mappo_grouped_tarmac_hybrid_gated_vt_500_final2,,site_energy,12.0,12.0,,,,,,,,
,mappo_grouped_powernet_global_kmeans_capacity_load_5f_vt_500_final,,site_energy,13.0,13.0,,,,,,,,
,mappo_grouped_tarmac_soft_router_vt_500_final_sharp_temperature_0.5_warmup_50,,site_energy,14.0,14.0,,,,,,,,
,mappo_grouped_tarmac_hybrid_vt_500_final2,,site_energy,15.0,15.0,,,,,,,,
,mappo_grouped_gat_vt_500_final2,,site_energy,16.0,16.0,,,,,,,,
,mappo_grouped_comm_weighted_default_vt_500_final2,,site_energy,17.0,17.0,,,,,,,,
,mappo_grouped_comm_weighted_a090_b010_vt_500_final2,,site_energy,18.0,18.0,,,,,,,,
,rllib_independent_ppo_vt_80_final2,,site_energy,19.0,19.0,,,,,,,,
,mappo_grouped_tarmac_hybrid_agglomerative_static_operational_vt_500_final,,site_energy,20.0,20.0,,,,,,,,
,mappo_grouped_tarmac_soft_router_agglomerative_5f_capacity_router_prior05_vt_500_final,,site_energy,21.0,21.0,,,,,,,,
,mappo_grouped_comm_v2_vt_500_final2,,site_energy,22.0,22.0,,,,,,,,
,mappo_grouped_tarmac_hybrid_linear_vt_500_final2,,site_energy,23.0,23.0,,,,,,,,
,mappo_grouped_tarmac_hybrid_kmeans_capacity_load_5f_linear_vt_500_final,,site_energy,24.0,24.0,,,,,,,,
,mappo_grouped_vt_500_final3,,site_energy,25.0,25.0,,,,,,,,
,mappo_grouped_tarmac_hybrid_agglomerative_capacity_load_3f_linear_vt_500_seed3,,site_energy,26.0,26.0,,,,,,,,
,mappo_grouped_powernet_global_agglomerative_capacity_load_4f_vt_500_final,,site_energy,27.0,27.0,,,,,,,,
,mappo_grouped_powernet_global_agglomerative_static_operational_vt_500_final,,site_energy,28.0,28.0,,,,,,,,
,mappo_grouped_tarmac_hybrid_agglomerative_capacity_load_5f_linear_vt_500_seed0,,site_energy,29.0,29.0,,,,,,,,
,rbc_baseline_vt_february,,site_energy,30.0,30.0,,,,,,,,
,mappo_grouped_tarmac_soft_router_twostage_3f_expert_routeronly500_temp05_prior1_vt_500_final,,site_energy,31.0,31.0,,,,,,,,
,mappo_grouped_powernet_global_kmeans_static_extended_vt_500_final,,site_energy,32.0,32.0,,,,,,,,
,mappo_grouped_tarmac_hybrid_kmeans_operational_profile_vt_500_final,,site_energy,33.0,33.0,,,,,,,,
,mappo_grouped_tarmac_hybrid_agglomerative_capacity_load_3f_linear_vt_500_final,,site_energy,34.0,34.0,,,,,,,,
,mappo_grouped_tarmac_hybrid_gmm_static_operational_vt_500_final,,site_energy,35.0,35.0,,,,,,,,
,mappo_grouped_powernet_global_vt_500_final2,,site_energy,36.0,36.0,,,,,,,,
,mappo_grouped_tarmac_soft_router_twostage_3f_expert_freeze200_temp05_prior1_no_capacity_vt_500_final,,site_energy,37.0,37.0,,,,,,,,
,mappo_grouped_comm_weighted_a055_b045_vt_500_final2,,site_energy,38.0,38.0,,,,,,,,
,mappo_grouped_tarmac_hybrid_gmm_capacity_load_5f_linear_vt_500_final,,site_energy,39.0,39.0,,,,,,,,
,mappo_grouped_powernet_global_agglomerative_capacity_load_5f_vt_500_final,,site_energy,40.0,40.0,,,,,,,,
,mappo_grouped_tarmac_soft_router_twostage_3f_expert_freeze200_temp07_prior07_vt_500_final,,site_energy,41.0,41.0,,,,,,,,
,mappo_grouped_tarmac_hybrid_agglomerative_capacity_load_3f_linear_vt_500_seed2,,site_energy,42.0,42.0,,,,,,,,
,mappo_grouped_tarmac_hybrid_agglomerative_capacity_load_5f_linear_vt_500_final,,site_energy,43.0,43.0,,,,,,,,
,mappo_grouped_tarmac_hybrid_agglomerative_capacity_load_3f_linear_vt_500_seed1,,site_energy,44.0,44.0,,,,,,,,
,mappo_grouped_tarmac_hybrid_agglomerative_capacity_load_4f_linear_vt_500_final,,site_energy,45.0,45.0,,,,,,,,
,mappo_grouped_tarmac_soft_router_twostage_3f_expert_freeze200_temp05_prior1_vt_500_final,,site_energy,46.0,46.0,,,,,,,,
,mappo_grouped_tarmac_hybrid_agglomerative_capacity_load_3f_linear_vt_500_seed0,,site_energy,47.0,47.0,,,,,,,,
,mappo_grouped_powernet_global_kmeans_operational_profile_vt_500_final,,site_energy,48.0,48.0,,,,,,,,
,mappo_grouped_tarmac_hybrid_agglomerative_capacity_load_5f_linear_vt_500_seed2,,site_energy,49.0,49.0,,,,,,,,
,mappo_standard_vt_500_final3,,site_energy,50.0,50.0,,,,,,,,
,mappo_grouped_tarmac_hybrid_kmeans_static_extended_vt_500_final,,site_energy,51.0,51.0,,,,,,,,
,mappo_grouped_tarmac_hybrid_agglomerative_capacity_load_5f_linear_vt_500_seed1,,site_energy,52.0,52.0,,,,,,,,
,mappo_grouped_tarmac_soft_router_twostage_3f_expert_freeze200_temp05_prior1_vt_500_seed0,,site_energy,53.0,53.0,,,,,,,,
,mappo_grouped_powernet_global_agglomerative_capacity_load_3f_vt_500_final,,site_energy,54.0,54.0,,,,,,,,
,mappo_grouped_powernet_global_gmm_capacity_load_5f_vt_500_final,,site_energy,55.0,55.0,,,,,,,,
,mappo_grouped_powernet_vt_500_final2,,site_energy,56.0,56.0,,,,,,,,
,rllib_sac_vt_500_final2,,peak_demand,,,1.0,1.0,,,,,,
,rbc_baseline_vt_february,,peak_demand,,,2.0,2.5,,,,,,
,mappo_grouped_powernet_global_agglomerative_capacity_load_4f_vt_500_final,,peak_demand,,,3.0,3.0,,,,,,
,mappo_grouped_commnet_vt_500_final2,,peak_demand,,,4.0,5.0,,,,,,
,mappo_grouped_tarmac_hybrid_agglomerative_static_operational_vt_500_final,,peak_demand,,,5.0,6.0,,,,,,
,mappo_grouped_tarmac_soft_router_agglomerative_5f_capacity_router_prior05_vt_500_final,,peak_demand,,,6.0,6.0,,,,,,
,mappo_grouped_tarmac_soft_router_vt_500_final_stable_temperature_1_warmup_100,,peak_demand,,,7.0,6.0,,,,,,
,mappo_grouped_tarmac_soft_router_agglomerative_5f_capacity_router_vt_500_final,,peak_demand,,,8.0,7.0,,,,,,
,mappo_grouped_powernet_global_vt_500_final2,,peak_demand,,,9.0,8.5,,,,,,
,mappo_grouped_tarmac_soft_router_twostage_3f_expert_freeze200_temp05_prior1_no_capacity_vt_500_final,,peak_demand,,,10.0,12.0,,,,,,
,rllib_independent_ppo_vt_80_final2,,peak_demand,,,11.0,12.0,,,,,,
,mappo_grouped_tarmac_hybrid_kmeans_operational_profile_vt_500_final,,peak_demand,,,12.0,13.0,,,,,,
,mappo_grouped_tarmac_soft_router_vt_500_final_balanced_temperature0.7_warmup50,,peak_demand,,,13.0,13.0,,,,,,
,mappo_grouped_dial_vt_500_final2,,peak_demand,,,14.0,16.0,,,,,,
,mappo_grouped_tarmac_hybrid_agglomerative_capacity_load_5f_linear_vt_500_seed0,,peak_demand,,,15.0,16.5,,,,,,
,mappo_grouped_comm_weighted_a090_b010_vt_500_final2,,peak_demand,,,16.0,17.5,,,,,,
,mappo_grouped_powernet_global_kmeans_static_extended_vt_500_final,,peak_demand,,,17.0,19.5,,,,,,
,mappo_grouped_vt_500_final3,,peak_demand,,,18.0,20.0,,,,,,
,mappo_grouped_tarmac_hybrid_agglomerative_capacity_load_3f_linear_vt_500_seed3,,peak_demand,,,19.0,21.0,,,,,,
,mappo_grouped_tarmac_soft_router_agglomerative_5f_no_capacity_router_vt_500_final,,peak_demand,,,20.0,21.0,,,,,,
,mappo_grouped_tarmac_hybrid_agglomerative_capacity_load_5f_linear_vt_500_seed2,,peak_demand,,,21.0,21.5,,,,,,
,mappo_grouped_tarmac_vt_500_final2,,peak_demand,,,22.0,21.5,,,,,,
,mappo_grouped_tarmac_hybrid_gmm_capacity_load_5f_linear_vt_500_final,,peak_demand,,,23.0,23.0,,,,,,
,mappo_grouped_powernet_global_agglomerative_static_operational_vt_500_final,,peak_demand,,,24.0,23.5,,,,,,
,mappo_grouped_powernet_global_kmeans_operational_profile_vt_500_final,,peak_demand,,,25.0,23.5,,,,,,
,mappo_grouped_powernet_vt_500_final2,,peak_demand,,,26.0,23.5,,,,,,
,mappo_grouped_powernet_global_agglomerative_capacity_load_3f_vt_500_final,,peak_demand,,,27.0,25.5,,,,,,
,mappo_grouped_tarmac_hybrid_kmeans_capacity_load_5f_linear_vt_500_final,,peak_demand,,,28.0,26.0,,,,,,
,mappo_grouped_gat_vt_500_final2,,peak_demand,,,29.0,28.0,,,,,,
,mappo_grouped_tarmac_soft_router_agglomerative_5f_capacity_router_temp05_vt_500_final,,peak_demand,,,30.0,29.5,,,,,,
,mappo_grouped_tarmac_hybrid_linear_vt_500_final2,,peak_demand,,,31.0,31.0,,,,,,
,mappo_grouped_comm_v2_vt_500_final2,,peak_demand,,,32.0,33.5,,,,,,
,mappo_grouped_tarmac_hybrid_agglomerative_capacity_load_4f_linear_vt_500_final,,peak_demand,,,33.0,33.5,,,,,,
,mappo_grouped_tarmac_soft_router_twostage_3f_expert_freeze200_temp05_prior1_vt_500_seed0,,peak_demand,,,34.0,34.5,,,,,,
,mappo_grouped_tarmac_soft_router_twostage_3f_expert_freeze200_temp07_prior07_vt_500_final,,peak_demand,,,35.0,35.5,,,,,,
,mappo_grouped_tarmac_hybrid_agglomerative_capacity_load_5f_linear_vt_500_seed1,,peak_demand,,,36.0,36.5,,,,,,
,mappo_grouped_tarmac_soft_router_vt_500_final_sharp_temperature_0.5_warmup_50,,peak_demand,,,37.0,36.5,,,,,,
,mappo_grouped_powernet_global_gmm_capacity_load_5f_vt_500_final,,peak_demand,,,38.0,37.0,,,,,,
,mappo_grouped_powernet_global_gmm_static_operational_vt_500_final,,peak_demand,,,39.0,38.5,,,,,,
,mappo_grouped_comm_weighted_a055_b045_vt_500_final2,,peak_demand,,,40.0,40.0,,,,,,
,mappo_grouped_tarmac_hybrid_vt_500_final2,,peak_demand,,,41.0,40.0,,,,,,
,mappo_grouped_powernet_global_kmeans_capacity_load_5f_vt_500_final,,peak_demand,,,42.0,40.5,,,,,,
,mappo_grouped_tarmac_hybrid_gmm_static_operational_vt_500_final,,peak_demand,,,43.0,42.0,,,,,,
,mappo_grouped_tarmac_hybrid_agglomerative_capacity_load_3f_linear_vt_500_seed2,,peak_demand,,,44.0,43.0,,,,,,
,mappo_grouped_tarmac_hybrid_gated_vt_500_final2,,peak_demand,,,45.0,43.0,,,,,,
,mappo_grouped_tarmac_hybrid_kmeans_static_extended_vt_500_final,,peak_demand,,,46.0,44.0,,,,,,
,mappo_grouped_comm_weighted_default_vt_500_final2,,peak_demand,,,47.0,48.0,,,,,,
,mappo_grouped_tarmac_hybrid_agglomerative_capacity_load_3f_linear_vt_500_seed1,,peak_demand,,,48.0,48.0,,,,,,
,mappo_grouped_tarmac_hybrid_agglomerative_capacity_load_3f_linear_vt_500_seed0,,peak_demand,,,49.0,49.0,,,,,,
,mappo_grouped_tarmac_hybrid_agglomerative_capacity_load_5f_linear_vt_500_seed3,,peak_demand,,,50.0,50.5,,,,,,
,mappo_grouped_powernet_global_agglomerative_capacity_load_5f_vt_500_final,,peak_demand,,,51.0,51.5,,,,,,
,mappo_grouped_tarmac_soft_router_twostage_3f_expert_freeze200_temp05_prior1_vt_500_final,,peak_demand,,,52.0,51.5,,,,,,
,mappo_grouped_tarmac_hybrid_agglomerative_capacity_load_3f_linear_vt_500_final,,peak_demand,,,53.0,52.5,,,,,,
,mappo_grouped_tarmac_soft_router_twostage_3f_expert_routeronly500_temp05_prior1_vt_500_final,,peak_demand,,,54.0,54.0,,,,,,
,mappo_grouped_tarmac_hybrid_agglomerative_capacity_load_5f_linear_vt_500_final,,peak_demand,,,55.0,55.0,,,,,,
,mappo_standard_vt_500_final3,,peak_demand,,,56.0,55.0,,,,,,
,mappo_grouped_tarmac_hybrid_agglomerative_capacity_load_5f_linear_vt_500_seed1,,peak_to_valley_ratio,,,,,1.0,1.0,,,,
,mappo_grouped_powernet_global_kmeans_static_extended_vt_500_final,,peak_to_valley_ratio,,,,,2.0,2.0,,,,
,mappo_grouped_tarmac_soft_router_agglomerative_5f_capacity_router_temp05_vt_500_final,,peak_to_valley_ratio,,,,,3.0,3.0,,,,
,mappo_grouped_tarmac_hybrid_gmm_static_operational_vt_500_final,,peak_to_valley_ratio,,,,,4.0,4.0,,,,
,mappo_grouped_tarmac_soft_router_vt_500_final_sharp_temperature_0.5_warmup_50,,peak_to_valley_ratio,,,,,5.0,5.0,,,,
,mappo_grouped_tarmac_hybrid_agglomerative_capacity_load_3f_linear_vt_500_final,,peak_to_valley_ratio,,,,,6.0,6.0,,,,
,mappo_grouped_powernet_global_vt_500_final2,,peak_to_valley_ratio,,,,,7.0,7.0,,,,
,mappo_grouped_tarmac_hybrid_agglomerative_capacity_load_3f_linear_vt_500_seed1,,peak_to_valley_ratio,,,,,8.0,8.0,,,,
,mappo_grouped_tarmac_hybrid_vt_500_final2,,peak_to_valley_ratio,,,,,9.0,9.0,,,,
,mappo_grouped_tarmac_hybrid_agglomerative_capacity_load_5f_linear_vt_500_seed3,,peak_to_valley_ratio,,,,,10.0,10.0,,,,
,mappo_grouped_tarmac_hybrid_kmeans_static_extended_vt_500_final,,peak_to_valley_ratio,,,,,11.0,11.0,,,,
,mappo_grouped_tarmac_vt_500_final2,,peak_to_valley_ratio,,,,,12.0,12.0,,,,
,mappo_grouped_powernet_global_gmm_capacity_load_5f_vt_500_final,,peak_to_valley_ratio,,,,,13.0,13.0,,,,
,mappo_grouped_tarmac_hybrid_linear_vt_500_final2,,peak_to_valley_ratio,,,,,14.0,14.0,,,,
,mappo_grouped_tarmac_hybrid_agglomerative_static_operational_vt_500_final,,peak_to_valley_ratio,,,,,15.0,15.0,,,,
,mappo_grouped_tarmac_hybrid_agglomerative_capacity_load_5f_linear_vt_500_seed0,,peak_to_valley_ratio,,,,,16.0,16.0,,,,
,mappo_grouped_tarmac_soft_router_agglomerative_5f_no_capacity_router_vt_500_final,,peak_to_valley_ratio,,,,,17.0,17.0,,,,
,mappo_grouped_comm_v2_vt_500_final2,,peak_to_valley_ratio,,,,,18.0,18.0,,,,
,mappo_grouped_commnet_vt_500_final2,,peak_to_valley_ratio,,,,,19.0,19.0,,,,
,mappo_grouped_tarmac_hybrid_kmeans_capacity_load_5f_linear_vt_500_final,,peak_to_valley_ratio,,,,,20.0,20.0,,,,
,mappo_grouped_tarmac_soft_router_twostage_3f_expert_freeze200_temp05_prior1_vt_500_final,,peak_to_valley_ratio,,,,,21.0,21.0,,,,
,mappo_grouped_tarmac_hybrid_gmm_capacity_load_5f_linear_vt_500_final,,peak_to_valley_ratio,,,,,22.0,22.0,,,,
,mappo_grouped_powernet_global_agglomerative_capacity_load_4f_vt_500_final,,peak_to_valley_ratio,,,,,23.0,23.0,,,,
,mappo_grouped_tarmac_hybrid_gated_vt_500_final2,,peak_to_valley_ratio,,,,,24.0,24.0,,,,
,mappo_grouped_powernet_global_kmeans_capacity_load_5f_vt_500_final,,peak_to_valley_ratio,,,,,25.0,25.0,,,,
,mappo_grouped_powernet_global_agglomerative_capacity_load_3f_vt_500_final,,peak_to_valley_ratio,,,,,26.0,26.0,,,,
,mappo_grouped_powernet_global_kmeans_operational_profile_vt_500_final,,peak_to_valley_ratio,,,,,27.0,27.0,,,,
,rllib_sac_vt_500_final2,,peak_to_valley_ratio,,,,,28.0,28.0,,,,
,mappo_grouped_tarmac_hybrid_agglomerative_capacity_load_5f_linear_vt_500_seed2,,peak_to_valley_ratio,,,,,29.0,29.0,,,,
,mappo_grouped_tarmac_soft_router_vt_500_final_stable_temperature_1_warmup_100,,peak_to_valley_ratio,,,,,30.0,30.0,,,,
,mappo_grouped_dial_vt_500_final2,,peak_to_valley_ratio,,,,,31.0,31.0,,,,
,mappo_grouped_tarmac_soft_router_twostage_3f_expert_freeze200_temp07_prior07_vt_500_final,,peak_to_valley_ratio,,,,,32.0,32.0,,,,
,mappo_grouped_tarmac_hybrid_agglomerative_capacity_load_3f_linear_vt_500_seed2,,peak_to_valley_ratio,,,,,33.0,33.0,,,,
,mappo_standard_vt_500_final3,,peak_to_valley_ratio,,,,,34.0,34.0,,,,
,mappo_grouped_tarmac_hybrid_agglomerative_capacity_load_3f_linear_vt_500_seed3,,peak_to_valley_ratio,,,,,35.0,35.0,,,,
,mappo_grouped_powernet_global_agglomerative_capacity_load_5f_vt_500_final,,peak_to_valley_ratio,,,,,36.0,36.0,,,,
,mappo_grouped_vt_500_final3,,peak_to_valley_ratio,,,,,37.0,37.0,,,,
,rllib_independent_ppo_vt_80_final2,,peak_to_valley_ratio,,,,,38.0,38.0,,,,
,mappo_grouped_powernet_global_agglomerative_static_operational_vt_500_final,,peak_to_valley_ratio,,,,,39.0,39.0,,,,
,mappo_grouped_powernet_vt_500_final2,,peak_to_valley_ratio,,,,,40.0,40.0,,,,
,mappo_grouped_tarmac_soft_router_twostage_3f_expert_freeze200_temp05_prior1_vt_500_seed0,,peak_to_valley_ratio,,,,,41.0,41.0,,,,
,mappo_grouped_powernet_global_gmm_static_operational_vt_500_final,,peak_to_valley_ratio,,,,,42.0,42.0,,,,
,mappo_grouped_tarmac_soft_router_agglomerative_5f_capacity_router_prior05_vt_500_final,,peak_to_valley_ratio,,,,,43.0,43.0,,,,
,mappo_grouped_tarmac_hybrid_agglomerative_capacity_load_4f_linear_vt_500_final,,peak_to_valley_ratio,,,,,44.0,44.0,,,,
,mappo_grouped_comm_weighted_default_vt_500_final2,,peak_to_valley_ratio,,,,,45.0,45.0,,,,
,mappo_grouped_tarmac_soft_router_vt_500_final_balanced_temperature0.7_warmup50,,peak_to_valley_ratio,,,,,46.0,46.0,,,,
,mappo_grouped_tarmac_hybrid_kmeans_operational_profile_vt_500_final,,peak_to_valley_ratio,,,,,47.0,47.0,,,,
,mappo_grouped_tarmac_soft_router_twostage_3f_expert_routeronly500_temp05_prior1_vt_500_final,,peak_to_valley_ratio,,,,,48.0,48.0,,,,
,mappo_grouped_tarmac_hybrid_agglomerative_capacity_load_5f_linear_vt_500_final,,peak_to_valley_ratio,,,,,49.0,49.0,,,,
,mappo_grouped_gat_vt_500_final2,,peak_to_valley_ratio,,,,,50.0,50.0,,,,
,mappo_grouped_comm_weighted_a090_b010_vt_500_final2,,peak_to_valley_ratio,,,,,51.0,51.0,,,,
,mappo_grouped_comm_weighted_a055_b045_vt_500_final2,,peak_to_valley_ratio,,,,,52.0,52.0,,,,
,mappo_grouped_tarmac_hybrid_agglomerative_capacity_load_3f_linear_vt_500_seed0,,peak_to_valley_ratio,,,,,53.0,53.0,,,,
,mappo_grouped_tarmac_soft_router_agglomerative_5f_capacity_router_vt_500_final,,peak_to_valley_ratio,,,,,54.0,54.0,,,,
,mappo_grouped_tarmac_soft_router_twostage_3f_expert_freeze200_temp05_prior1_no_capacity_vt_500_final,,peak_to_valley_ratio,,,,,55.0,55.0,,,,
,rbc_baseline_vt_february,,peak_to_valley_ratio,,,,,56.0,56.0,,,,
,rllib_sac_vt_500_final2,,load_factor,,,,,,,1.0,1.0,,
,mappo_grouped_powernet_vt_500_final2,,load_factor,,,,,,,2.0,2.0,,
,rllib_independent_ppo_vt_80_final2,,load_factor,,,,,,,3.0,3.0,,
,mappo_grouped_powernet_global_vt_500_final2,,load_factor,,,,,,,4.0,4.0,,
,mappo_grouped_tarmac_soft_router_twostage_3f_expert_freeze200_temp07_prior07_vt_500_final,,load_factor,,,,,,,5.0,5.0,,
,mappo_grouped_tarmac_hybrid_agglomerative_capacity_load_3f_linear_vt_500_final,,load_factor,,,,,,,6.0,6.0,,
,mappo_grouped_comm_weighted_a055_b045_vt_500_final2,,load_factor,,,,,,,7.0,7.0,,
,mappo_grouped_powernet_global_gmm_capacity_load_5f_vt_500_final,,load_factor,,,,,,,8.0,8.0,,
,mappo_grouped_comm_weighted_default_vt_500_final2,,load_factor,,,,,,,9.0,9.0,,
,mappo_grouped_powernet_global_kmeans_operational_profile_vt_500_final,,load_factor,,,,,,,10.0,10.0,,
,mappo_grouped_tarmac_soft_router_twostage_3f_expert_routeronly500_temp05_prior1_vt_500_final,,load_factor,,,,,,,11.0,11.0,,
,mappo_grouped_tarmac_hybrid_agglomerative_capacity_load_5f_linear_vt_500_final,,load_factor,,,,,,,12.0,12.0,,
,mappo_grouped_powernet_global_kmeans_capacity_load_5f_vt_500_final,,load_factor,,,,,,,13.0,13.0,,
,mappo_grouped_tarmac_hybrid_kmeans_static_extended_vt_500_final,,load_factor,,,,,,,14.0,14.0,,
,mappo_grouped_powernet_global_agglomerative_capacity_load_3f_vt_500_final,,load_factor,,,,,,,15.0,15.0,,
,mappo_grouped_comm_weighted_a090_b010_vt_500_final2,,load_factor,,,,,,,16.0,16.0,,
,mappo_grouped_tarmac_soft_router_agglomerative_5f_capacity_router_temp05_vt_500_final,,load_factor,,,,,,,17.0,17.0,,
,mappo_grouped_tarmac_soft_router_twostage_3f_expert_freeze200_temp05_prior1_vt_500_final,,load_factor,,,,,,,18.0,18.0,,
,mappo_grouped_powernet_global_kmeans_static_extended_vt_500_final,,load_factor,,,,,,,19.0,19.0,,
,mappo_grouped_tarmac_soft_router_twostage_3f_expert_freeze200_temp05_prior1_no_capacity_vt_500_final,,load_factor,,,,,,,20.0,20.0,,
,mappo_grouped_tarmac_hybrid_gmm_static_operational_vt_500_final,,load_factor,,,,,,,21.0,21.0,,
,mappo_grouped_gat_vt_500_final2,,load_factor,,,,,,,22.0,22.0,,
,mappo_grouped_tarmac_vt_500_final2,,load_factor,,,,,,,23.0,23.0,,
,mappo_grouped_tarmac_hybrid_agglomerative_capacity_load_5f_linear_vt_500_seed0,,load_factor,,,,,,,24.0,24.0,,
,mappo_grouped_tarmac_hybrid_gated_vt_500_final2,,load_factor,,,,,,,25.0,25.0,,
,mappo_grouped_tarmac_hybrid_agglomerative_capacity_load_5f_linear_vt_500_seed2,,load_factor,,,,,,,26.0,26.0,,
,mappo_standard_vt_500_final3,,load_factor,,,,,,,27.0,27.0,,
,mappo_grouped_tarmac_hybrid_vt_500_final2,,load_factor,,,,,,,28.0,28.0,,
,mappo_grouped_tarmac_soft_router_vt_500_final_balanced_temperature0.7_warmup50,,load_factor,,,,,,,29.0,29.0,,
,mappo_grouped_comm_v2_vt_500_final2,,load_factor,,,,,,,30.0,30.0,,
,mappo_grouped_powernet_global_gmm_static_operational_vt_500_final,,load_factor,,,,,,,31.0,31.0,,
,mappo_grouped_tarmac_soft_router_twostage_3f_expert_freeze200_temp05_prior1_vt_500_seed0,,load_factor,,,,,,,32.0,32.0,,
,mappo_grouped_powernet_global_agglomerative_capacity_load_5f_vt_500_final,,load_factor,,,,,,,33.0,33.0,,
,mappo_grouped_tarmac_hybrid_agglomerative_capacity_load_3f_linear_vt_500_seed3,,load_factor,,,,,,,34.0,34.0,,
,mappo_grouped_tarmac_soft_router_vt_500_final_sharp_temperature_0.5_warmup_50,,load_factor,,,,,,,35.0,35.0,,
,mappo_grouped_commnet_vt_500_final2,,load_factor,,,,,,,36.0,36.0,,
,mappo_grouped_tarmac_hybrid_agglomerative_capacity_load_3f_linear_vt_500_seed1,,load_factor,,,,,,,37.0,37.0,,
,mappo_grouped_tarmac_hybrid_agglomerative_static_operational_vt_500_final,,load_factor,,,,,,,38.0,38.0,,
,mappo_grouped_tarmac_hybrid_agglomerative_capacity_load_5f_linear_vt_500_seed1,,load_factor,,,,,,,39.0,39.0,,
,mappo_grouped_tarmac_hybrid_agglomerative_capacity_load_3f_linear_vt_500_seed2,,load_factor,,,,,,,40.0,40.0,,
,mappo_grouped_tarmac_soft_router_agglomerative_5f_capacity_router_vt_500_final,,load_factor,,,,,,,41.0,41.0,,
,mappo_grouped_tarmac_hybrid_linear_vt_500_final2,,load_factor,,,,,,,42.0,42.0,,
,mappo_grouped_tarmac_hybrid_agglomerative_capacity_load_5f_linear_vt_500_seed3,,load_factor,,,,,,,43.0,43.0,,
,mappo_grouped_tarmac_soft_router_vt_500_final_stable_temperature_1_warmup_100,,load_factor,,,,,,,44.0,44.0,,
,mappo_grouped_tarmac_soft_router_agglomerative_5f_capacity_router_prior05_vt_500_final,,load_factor,,,,,,,45.0,45.0,,
,mappo_grouped_tarmac_hybrid_kmeans_capacity_load_5f_linear_vt_500_final,,load_factor,,,,,,,46.0,46.0,,
,mappo_grouped_tarmac_hybrid_gmm_capacity_load_5f_linear_vt_500_final,,load_factor,,,,,,,47.0,47.0,,
,mappo_grouped_powernet_global_agglomerative_capacity_load_4f_vt_500_final,,load_factor,,,,,,,48.0,48.0,,
,mappo_grouped_tarmac_hybrid_agglomerative_capacity_load_3f_linear_vt_500_seed0,,load_factor,,,,,,,49.0,49.0,,
,mappo_grouped_vt_500_final3,,load_factor,,,,,,,50.0,50.0,,
,mappo_grouped_tarmac_hybrid_agglomerative_capacity_load_4f_linear_vt_500_final,,load_factor,,,,,,,51.0,51.0,,
,mappo_grouped_tarmac_hybrid_kmeans_operational_profile_vt_500_final,,load_factor,,,,,,,52.0,52.0,,
,mappo_grouped_tarmac_soft_router_agglomerative_5f_no_capacity_router_vt_500_final,,load_factor,,,,,,,53.0,53.0,,
,mappo_grouped_powernet_global_agglomerative_static_operational_vt_500_final,,load_factor,,,,,,,54.0,54.0,,
,mappo_grouped_dial_vt_500_final2,,load_factor,,,,,,,55.0,55.0,,
,rbc_baseline_vt_february,,load_factor,,,,,,,56.0,56.0,,
,rllib_sac_vt_500_final2,,system_ramping,,,,,,,,,1.0,1.0
,rllib_independent_ppo_vt_80_final2,,system_ramping,,,,,,,,,2.0,2.0
,mappo_grouped_comm_weighted_default_vt_500_final2,,system_ramping,,,,,,,,,3.0,3.0
,mappo_grouped_commnet_vt_500_final2,,system_ramping,,,,,,,,,4.0,4.0
,mappo_grouped_comm_weighted_a090_b010_vt_500_final2,,system_ramping,,,,,,,,,5.0,5.0
,mappo_grouped_powernet_global_gmm_static_operational_vt_500_final,,system_ramping,,,,,,,,,6.0,6.0
,mappo_grouped_powernet_global_kmeans_capacity_load_5f_vt_500_final,,system_ramping,,,,,,,,,7.0,7.0
,mappo_grouped_tarmac_hybrid_agglomerative_capacity_load_3f_linear_vt_500_seed3,,system_ramping,,,,,,,,,8.0,8.0
,mappo_grouped_tarmac_hybrid_vt_500_final2,,system_ramping,,,,,,,,,9.0,9.0
,mappo_grouped_tarmac_soft_router_vt_500_final_balanced_temperature0.7_warmup50,,system_ramping,,,,,,,,,10.0,10.0
,mappo_grouped_powernet_vt_500_final2,,system_ramping,,,,,,,,,11.0,11.0
,mappo_grouped_comm_weighted_a055_b045_vt_500_final2,,system_ramping,,,,,,,,,12.0,12.0
,mappo_grouped_tarmac_soft_router_vt_500_final_sharp_temperature_0.5_warmup_50,,system_ramping,,,,,,,,,13.0,13.0
,mappo_grouped_tarmac_hybrid_agglomerative_capacity_load_5f_linear_vt_500_final,,system_ramping,,,,,,,,,14.0,14.0
,mappo_grouped_tarmac_soft_router_twostage_3f_expert_routeronly500_temp05_prior1_vt_500_final,,system_ramping,,,,,,,,,15.0,15.0
,mappo_grouped_powernet_global_kmeans_static_extended_vt_500_final,,system_ramping,,,,,,,,,16.0,16.0
,mappo_grouped_tarmac_soft_router_agglomerative_5f_capacity_router_temp05_vt_500_final,,system_ramping,,,,,,,,,17.0,17.0
,mappo_grouped_tarmac_hybrid_agglomerative_capacity_load_3f_linear_vt_500_seed2,,system_ramping,,,,,,,,,18.0,18.0
,mappo_grouped_powernet_global_vt_500_final2,,system_ramping,,,,,,,,,19.0,19.0
,mappo_grouped_tarmac_hybrid_kmeans_static_extended_vt_500_final,,system_ramping,,,,,,,,,20.0,20.0
,mappo_grouped_powernet_global_agglomerative_capacity_load_3f_vt_500_final,,system_ramping,,,,,,,,,21.0,21.0
,mappo_grouped_tarmac_vt_500_final2,,system_ramping,,,,,,,,,22.0,22.0
,mappo_grouped_tarmac_hybrid_agglomerative_capacity_load_3f_linear_vt_500_final,,system_ramping,,,,,,,,,23.0,23.0
,mappo_grouped_tarmac_soft_router_agglomerative_5f_capacity_router_prior05_vt_500_final,,system_ramping,,,,,,,,,24.0,24.0
,mappo_grouped_tarmac_hybrid_gated_vt_500_final2,,system_ramping,,,,,,,,,25.0,25.0
,mappo_grouped_tarmac_hybrid_agglomerative_capacity_load_3f_linear_vt_500_seed1,,system_ramping,,,,,,,,,26.0,26.0
,mappo_grouped_tarmac_hybrid_agglomerative_capacity_load_5f_linear_vt_500_seed0,,system_ramping,,,,,,,,,27.0,27.0
,mappo_grouped_powernet_global_gmm_capacity_load_5f_vt_500_final,,system_ramping,,,,,,,,,28.0,28.0
,mappo_grouped_comm_v2_vt_500_final2,,system_ramping,,,,,,,,,29.0,29.0
,mappo_grouped_tarmac_soft_router_agglomerative_5f_capacity_router_vt_500_final,,system_ramping,,,,,,,,,30.0,30.0
,mappo_grouped_dial_vt_500_final2,,system_ramping,,,,,,,,,31.0,31.0
,mappo_grouped_tarmac_soft_router_twostage_3f_expert_freeze200_temp07_prior07_vt_500_final,,system_ramping,,,,,,,,,32.0,32.0
,mappo_grouped_tarmac_hybrid_agglomerative_capacity_load_5f_linear_vt_500_seed1,,system_ramping,,,,,,,,,33.0,33.0
,mappo_grouped_tarmac_soft_router_agglomerative_5f_no_capacity_router_vt_500_final,,system_ramping,,,,,,,,,34.0,34.0
,mappo_grouped_tarmac_hybrid_agglomerative_capacity_load_5f_linear_vt_500_seed3,,system_ramping,,,,,,,,,35.0,35.0
,mappo_standard_vt_500_final3,,system_ramping,,,,,,,,,36.0,36.0
,mappo_grouped_tarmac_soft_router_twostage_3f_expert_freeze200_temp05_prior1_no_capacity_vt_500_final,,system_ramping,,,,,,,,,37.0,37.0
,mappo_grouped_tarmac_soft_router_vt_500_final_stable_temperature_1_warmup_100,,system_ramping,,,,,,,,,38.0,38.0
,mappo_grouped_tarmac_soft_router_twostage_3f_expert_freeze200_temp05_prior1_vt_500_seed0,,system_ramping,,,,,,,,,39.0,39.0
,mappo_grouped_tarmac_hybrid_kmeans_capacity_load_5f_linear_vt_500_final,,system_ramping,,,,,,,,,40.0,40.0
,mappo_grouped_powernet_global_agglomerative_capacity_load_5f_vt_500_final,,system_ramping,,,,,,,,,41.0,41.0
,mappo_grouped_tarmac_hybrid_agglomerative_capacity_load_3f_linear_vt_500_seed0,,system_ramping,,,,,,,,,42.0,42.0
,mappo_grouped_vt_500_final3,,system_ramping,,,,,,,,,43.0,43.0
,mappo_grouped_tarmac_hybrid_linear_vt_500_final2,,system_ramping,,,,,,,,,44.0,44.0
,mappo_grouped_powernet_global_agglomerative_capacity_load_4f_vt_500_final,,system_ramping,,,,,,,,,45.0,45.0
,mappo_grouped_tarmac_hybrid_gmm_static_operational_vt_500_final,,system_ramping,,,,,,,,,46.0,46.0
,mappo_grouped_tarmac_soft_router_twostage_3f_expert_freeze200_temp05_prior1_vt_500_final,,system_ramping,,,,,,,,,47.0,47.0
,mappo_grouped_tarmac_hybrid_kmeans_operational_profile_vt_500_final,,system_ramping,,,,,,,,,48.0,48.0
,mappo_grouped_gat_vt_500_final2,,system_ramping,,,,,,,,,49.0,49.0
,mappo_grouped_powernet_global_kmeans_operational_profile_vt_500_final,,system_ramping,,,,,,,,,50.0,50.0
,mappo_grouped_tarmac_hybrid_agglomerative_static_operational_vt_500_final,,system_ramping,,,,,,,,,51.0,51.0
,mappo_grouped_tarmac_hybrid_agglomerative_capacity_load_5f_linear_vt_500_seed2,,system_ramping,,,,,,,,,52.0,52.0
,mappo_grouped_powernet_global_agglomerative_static_operational_vt_500_final,,system_ramping,,,,,,,,,53.0,53.0
,mappo_grouped_tarmac_hybrid_agglomerative_capacity_load_4f_linear_vt_500_final,,system_ramping,,,,,,,,,54.0,54.0
,mappo_grouped_tarmac_hybrid_gmm_capacity_load_5f_linear_vt_500_final,,system_ramping,,,,,,,,,55.0,55.0
,rbc_baseline_vt_february,,system_ramping,,,,,,,,,56.0,56.0
